# Binding Energy database from NIST Atomic Spectra Database Ionization Energies Form.,,
Element,Q,Binding Energy
H,0,13.598434599702
He,0,79.005154539
He,1,54.4177655282
Li,0,203.4861711
Li,1,198.0944562
Li,2,122.45435913
Be,0,399.14864
Be,1,389.82595
Be,2,371.614789
Be,3,217.71858459
B,0,670.98383
B,1,662.68582
B,2,637.53099
B,3,599.600401
B,4,340.2260225
C,0,1030.1085
C,1,1018.8482
C,2,994.4651
C,3,946.57727
C,4,882.08376
C,5,489.99320779
N,0,1486.058
N,1,1471.524
N,2,1441.9225
N,3,1394.4772
N,4,1317.0037
N,5,1219.11355
N,6,667.0461377
O,0,2043.8429
O,1,2030.2249
O,2,1995.1038
O,3,1940.1682
O,4,1862.7547
O,5,1748.8558
O,6,1610.73688
O,7,871.4099138
F,0,2715.891
F,1,2698.468
F,2,2663.497
F,3,2600.789
F,4,2513.615
F,5,2399.3658
F,6,2242.2027
F,7,2057.0158
F,8,1103.1175302
Ne,0,3511.696
Ne,1,3490.132
Ne,2,3449.168
Ne,3,3385.746
Ne,4,3288.556
Ne,5,3162.309
Ne,6,3004.375
Ne,7,2797.1045
Ne,8,2558.0075
Ne,9,1362.199256
Na,0,4419.96
Na,1,4414.83
Na,2,4367.54
Na,3,4295.92
Na,4,4196.99
Na,5,4058.59
Na,6,3886.36
Na,7,3677.849
Na,8,3413.657
Na,9,3113.8014
Na,10,1648.702285
Mg,0,5451.06
Mg,1,5443.41
Mg,2,5428.39
Mg,3,5348.24
Mg,4,5238.98
Mg,5,5097.64
Mg,6,4910.88
Mg,7,4685.87
Mg,8,4419.94
Mg,9,4091.958
Mg,10,3724.4688
Mg,11,1962.663889
Al,0,6604.95
Al,1,6598.96
Al,2,6580.13
Al,3,6551.68
Al,4,6431.69
Al,5,6277.87
Al,6,6087.38
Al,7,5845.62
Al,8,5560.98
Al,9,5230.77
Al,10,4832.122
Al,11,4390.11729
Al,12,2304.140359
Si,0,7888.53
Si,1,7880.39
Si,2,7864.03
Si,3,7830.54
Si,4,7785.40
Si,5,7618.63
Si,6,7413.35
Si,7,7166.78
Si,8,6863.19
Si,9,6511.91
Si,10,6110.524
Si,11,5634.251
Si,12,5110.83601
Si,13,2673.177958
P,0,9305.8
P,1,9295.3
P,2,9275.5
P,3,9245.4
P,4,9193.9
P,5,9128.8
P,6,8908.4
P,7,8644.9
P,8,8335.2
P,9,7962.95
P,10,7538.55
P,11,7059.11
P,12,6498.492
P,13,5886.75082
P,14,3069.842145
S,0,10859.7
S,1,10849.2
S,2,10825.9
S,3,10791.1
S,4,10743.9
S,5,10671.3
S,6,10583.2
S,7,10302.2
S,8,9973.4
S,9,9593.6
S,10,9145.9
S,11,8641.33
S,12,8076.93
S,13,7424.962
S,14,6717.96908
S,15,3494.188518
Cl,0,12556.4
Cl,1,12543.5
Cl,2,12519.6
Cl,3,12479.8
Cl,4,12426.6
Cl,5,12358.9
Cl,6,12261.9
Cl,7,12147.7
Cl,8,11799.5
Cl,9,11398.6
Cl,10,10941.9
Cl,11,10411.9
Cl,12,9820.4
Cl,13,9164.06
Cl,14,8413.833
Cl,15,7604.63544
Cl,16,3946.29179
Ar,0,14400.8
Ar,1,14385.0
Ar,2,14357.4
Ar,3,14316.7
Ar,4,14257.1
Ar,5,14182.2
Ar,6,14090.9
Ar,7,13966.6
Ar,8,13823.1
Ar,9,13400.5
Ar,10,12920.8
Ar,11,12380.3
Ar,12,11761.4
Ar,13,11075.9
Ar,14,10320.7
Ar,15,9465.264
Ar,16,8546.88966
Ar,17,4426.22407
K,0,16382
K,1,16378
K,2,16346
K,3,16300
K,4,16239
K,5,16156
K,6,16057
K,7,15939
K,8,15786
K,9,15610
K,10,15106
K,11,14540.0
K,12,13908.9
K,13,13194.3
K,14,12408.0
K,15,11547.0
K,16,10579.398
K,17,9544.85694
K,18,4934.04979
Ca,0,18510
Ca,1,18505
Ca,2,18492
Ca,3,18441
Ca,4,18374
Ca,5,18290
Ca,6,18181
Ca,7,18053
Ca,8,17907
Ca,9,17717
Ca,10,17507
Ca,11,16915
Ca,12,16257
Ca,13,15528.2
Ca,14,14711.0
Ca,15,13817.0
Ca,16,12843.3
Ca,17,11756.447
Ca,18,10598.7212
Ca,19,5469.86358
Sc,0,20788
Sc,1,20781
Sc,2,20769
Sc,3,20744
Sc,4,20671
Sc,5,20578
Sc,6,20467
Sc,7,20330
Sc,8,20171
Sc,9,19991
Sc,10,19767
Sc,11,19516
Sc,12,18829
Sc,13,18072
Sc,14,17238.3
Sc,15,16311.7
Sc,16,15303.1
Sc,17,14209.7
Sc,18,12996.616
Sc,19,11708.6600
Sc,20,6033.75643
Ti,0,23221
Ti,1,23215
Ti,2,23201
Ti,3,23174
Ti,4,23130
Ti,5,23031
Ti,6,22911
Ti,7,22771
Ti,8,22600
Ti,9,22408
Ti,10,22192
Ti,11,21927
Ti,12,21635
Ti,13,20848
Ti,14,19984
Ti,15,19039.5
Ti,16,17996.9
Ti,17,16866.7
Ti,18,15646.4
Ti,19,14300.089
Ti,20,12874.8328
Ti,21,6625.81023
V,0,25820
V,1,25812
V,2,25797
V,3,25769
V,4,25722
V,5,25656
V,6,25528
V,7,25378
V,8,25205
V,9,24998
V,10,24768
V,11,24513
V,12,24204
V,13,23868
V,14,22972
V,15,21995
V,16,20932
V,17,19766.8
V,18,18508.0
V,19,17153.7
V,20,15667.093
V,21,14097.4374
V,22,7246.12624
Cr,0,28582
Cr,1,28576
Cr,2,28559
Cr,3,28528
Cr,4,28479
Cr,5,28410
Cr,6,28319
Cr,7,28158
Cr,8,27973
Cr,9,27764
Cr,10,27520
Cr,11,27249
Cr,12,26952
Cr,13,26597
Cr,14,26213
Cr,15,25201
Cr,16,24104
Cr,17,22916
Cr,18,21621.6
Cr,19,20227.0
Cr,20,18731.9
Cr,21,17097.849
Cr,22,15376.6654
Cr,23,7894.80289
Mn,0,31514
Mn,1,31507
Mn,2,31491
Mn,3,31457
Mn,4,31406
Mn,5,31333
Mn,6,31238
Mn,7,31119
Mn,8,30923
Mn,9,30702
Mn,10,30453
Mn,11,30167
Mn,12,29853
Mn,13,29509
Mn,14,29107
Mn,15,28671
Mn,16,27537
Mn,17,26313
Mn,18,24993
Mn,19,23561.7
Mn,20,22024.6
Mn,21,20381.3
Mn,22,18592.613
Mn,23,16712.7408
Mn,24,8571.95438
Fe,0,34619
Fe,1,34611
Fe,2,34595
Fe,3,34564
Fe,4,34510
Fe,5,34434
Fe,6,34335
Fe,7,34210
Fe,8,34060
Fe,9,33825
Fe,10,33564
Fe,11,33272
Fe,12,32941
Fe,13,32581
Fe,14,32189
Fe,15,31733
Fe,16,31243
Fe,17,29981
Fe,18,28623
Fe,19,27164
Fe,20,25588
Fe,21,23901
Fe,22,22102.0
Fe,23,20151.634
Fe,24,18105.8751
Fe,25,9277.6886
Co,0,37899
Co,1,37892
Co,2,37875
Co,3,37841
Co,4,37790
Co,5,37710
Co,6,37608
Co,7,37479
Co,8,37322
Co,9,37136
Co,10,36861
Co,11,36554
Co,12,36218
Co,13,35840
Co,14,35430
Co,15,34990
Co,16,34478
Co,17,33931
Co,18,32533
Co,19,31028
Co,20,29423
Co,21,27699
Co,22,25855
Co,23,23894.6
Co,24,21775.187
Co,25,19556.3113
Co,26,10012.1297
Ni,0,41355
Ni,1,41347
Ni,2,41330
Ni,3,41294
Ni,4,41240
Ni,5,41164
Ni,6,41056
Ni,7,40923
Ni,8,40761
Ni,9,40569
Ni,10,40343
Ni,11,40025
Ni,12,39672
Ni,13,39288
Ni,14,38859
Ni,15,38395
Ni,16,37901
Ni,17,37329
Ni,18,36723
Ni,19,35182
Ni,20,33536
Ni,21,31778
Ni,22,29898
Ni,23,27890
Ni,24,25759.2
Ni,25,23463.538
Ni,26,21064.2795
Ni,27,10775.3948
Cu,0,45000
Cu,1,45000
Cu,2,44980
Cu,3,44940
Cu,4,44880
Cu,5,44800
Cu,6,44700
Cu,7,44560
Cu,8,44390
Cu,9,44190
Cu,10,43960
Cu,11,43700
Cu,12,43330
Cu,13,42930
Cu,14,42493
Cu,15,42010
Cu,16,41491
Cu,17,40938
Cu,18,40306
Cu,19,39635
Cu,20,37945
Cu,21,36145
Cu,22,34227
Cu,23,32183
Cu,24,30003
Cu,25,27696.1
Cu,26,25217.008
Cu,27,22630.0546
Cu,28,11567.6237
Zn,0,48840
Zn,1,48830
Zn,2,48810
Zn,3,48770
Zn,4,48710
Zn,5,48630
Zn,6,48520
Zn,7,48390
Zn,8,48220
Zn,9,48010
Zn,10,47770
Zn,11,47500
Zn,12,47190
Zn,13,46770
Zn,14,46320
Zn,15,45830
Zn,16,45290
Zn,17,44710
Zn,18,44097
Zn,19,43399
Zn,20,42662
Zn,21,40816
Zn,22,38854
Zn,23,36769
Zn,24,34556
Zn,25,32197
Zn,26,29705.7
Zn,27,27035.879
Zn,28,24253.8829
Zn,29,12388.9427
Ga,0,52870
Ga,1,52850
Ga,2,52830
Ga,3,52800
Ga,4,52740
Ga,5,52660
Ga,6,52540
Ga,7,52410
Ga,8,52230
Ga,9,52020
Ga,10,51780
Ga,11,51500
Ga,12,51180
Ga,13,50820
Ga,14,50350
Ga,15,49840
Ga,16,49300
Ga,17,48690
Ga,18,48060
Ga,19,47370
Ga,20,46610
Ga,21,45800
Ga,22,43790
Ga,23,41660
Ga,24,39407
Ga,25,37015
Ga,26,34471
Ga,27,31789
Ga,28,28920.487
Ga,29,25936.0609
Ga,30,13239.5029
Ge,0,57080
Ge,1,57070
Ge,2,57060
Ge,3,57020
Ge,4,56970
Ge,5,56880
Ge,6,56770
Ge,7,56620
Ge,8,56450
Ge,9,56230
Ge,10,55980
Ge,11,55690
Ge,12,55370
Ge,13,55000
Ge,14,54590
Ge,15,54070
Ge,16,53500
Ge,17,52890
Ge,18,52220
Ge,19,51520
Ge,20,50770
Ge,21,49940
Ge,22,49060
Ge,23,46880
Ge,24,44570
Ge,25,42140
Ge,26,39563
Ge,27,36827
Ge,28,33945
Ge,29,30871.160
Ge,30,27676.8675
Ge,31,14119.4457
As,0,61470
As,1,61460
As,2,61450
As,3,61410
As,4,61360
As,5,61300
As,6,61170
As,7,61040
As,8,60850
As,9,60640
As,10,60390
As,11,60100
As,12,59760
As,13,59390
As,14,58970
As,15,58510
As,16,57930
As,17,57290
As,18,56620
As,19,55890
As,20,55120
As,21,54310
As,22,53390
As,23,52430
As,24,50080
As,25,47600
As,26,44970
As,27,42201
As,28,39263
As,29,36175
As,30,32888.248
As,31,29476.605
As,32,15028.9251
Se,0,66070
Se,1,66060
Se,2,66030
Se,3,66010
Se,4,65960
Se,5,65900
Se,6,65810
Se,7,65660
Se,8,65480
Se,9,65250
Se,10,64990
Se,11,64710
Se,12,64360
Se,13,63980
Se,14,63550
Se,15,63080
Se,16,62560
Se,17,61920
Se,18,61220
Se,19,60480
Se,20,59690
Se,21,58840
Se,22,57950
Se,23,56960
Se,24,55930
Se,25,53390
Se,26,50710
Se,27,47900
Se,28,44927
Se,29,41781
Se,30,38480
Se,31,34972.127
Se,32,31335.601
Se,33,15968.1075
Br,0,70870
Br,1,70860
Br,2,70830
Br,3,70790
Br,4,70750
Br,5,70680
Br,6,70600
Br,7,70500
Br,8,70310
Br,9,70080
Br,10,69820
Br,11,69520
Br,12,69180
Br,13,68790
Br,14,68350
Br,15,67870
Br,16,67340
Br,17,66770
Br,18,66050
Br,19,65290
Br,20,64470
Br,21,63600
Br,22,62690
Br,23,61720
Br,24,60650
Br,25,59540
Br,26,56800
Br,27,53930
Br,28,50910
Br,29,47743
Br,30,44381
Br,31,40859
Br,32,37123.150
Br,33,33254.164
Br,34,16937.1497
Kr,0,75870
Kr,1,75850
Kr,2,75830
Kr,3,75790
Kr,4,75740
Kr,5,75680
Kr,6,75590
Kr,7,75490
Kr,8,75370
Kr,9,75130
Kr,10,74860
Kr,11,74550
Kr,12,74200
Kr,13,73820
Kr,14,73370
Kr,15,72880
Kr,16,72330
Kr,17,71750
Kr,18,71100
Kr,19,70320
Kr,20,69490
Kr,21,68600
Kr,22,67660
Kr,23,66670
Kr,24,65620
Kr,25,64460
Kr,26,63260
Kr,27,60330
Kr,28,57260
Kr,29,54030
Kr,30,50649
Kr,31,47064
Kr,32,43313
Kr,33,39341.747
Kr,34,35232.664
Kr,35,17936.2405
Rb,0,81050
Rb,1,81050
Rb,2,81010
Rb,3,80970
Rb,4,80920
Rb,5,80860
Rb,6,80780
Rb,7,80680
Rb,8,80540
Rb,9,80390
Rb,10,80120
Rb,11,79800
Rb,12,79450
Rb,13,79050
Rb,14,78610
Rb,15,78100
Rb,16,77550
Rb,17,76940
Rb,18,76300
Rb,19,75590
Rb,20,74740
Rb,21,73830
Rb,22,72870
Rb,23,71850
Rb,24,70770
Rb,25,69640
Rb,26,68400
Rb,27,67100
Rb,28,63960
Rb,29,60690
Rb,30,57240
Rb,31,53645
Rb,32,49830
Rb,33,45842
Rb,34,41628.300
Rb,35,37271.435
Rb,36,18965.5484
Sr,0,86440
Sr,1,86430
Sr,2,86420
Sr,3,86380
Sr,4,86320
Sr,5,86260
Sr,6,86160
Sr,7,86060
Sr,8,85930
Sr,9,85780
Sr,10,85600
Sr,11,85280
Sr,12,84920
Sr,13,84510
Sr,14,84050
Sr,15,83550
Sr,16,83000
Sr,17,82380
Sr,18,81720
Sr,19,81000
Sr,20,80220
Sr,21,79290
Sr,22,78310
Sr,23,77270
Sr,24,76160
Sr,25,75000
Sr,26,73780
Sr,27,72460
Sr,28,71070
Sr,29,67720
Sr,30,64220
Sr,31,60550
Sr,32,56734
Sr,33,52681
Sr,34,48448
Sr,35,43983.254
Sr,36,39370.857
Sr,37,20025.2673
Y,0,92030
Y,1,92020
Y,2,92010
Y,3,91980
Y,4,91930
Y,5,91850
Y,6,91760
Y,7,91650
Y,8,91530
Y,9,91380
Y,10,91190
Y,11,90990
Y,12,90610
Y,13,90200
Y,14,89740
Y,15,89220
Y,16,88660
Y,17,88040
Y,18,87360
Y,19,86630
Y,20,85850
Y,21,84990
Y,22,83990
Y,23,82920
Y,24,81800
Y,25,80610
Y,26,79360
Y,27,78060
Y,28,76630
Y,29,75150
Y,30,71590
Y,31,67870
Y,32,63980
Y,33,59915
Y,34,55616
Y,35,51131
Y,36,46407.038
Y,37,41531.307
Y,38,21115.588
Zr,0,97820
Zr,1,97810
Zr,2,97800
Zr,3,97790
Zr,4,97750
Zr,5,97660
Zr,6,97580
Zr,7,97450
Zr,8,97330
Zr,9,97170
Zr,10,96990
Zr,11,96780
Zr,12,96550
Zr,13,96120
Zr,14,95650
Zr,15,95130
Zr,16,94560
Zr,17,93940
Zr,18,93250
Zr,19,92500
Zr,20,91700
Zr,21,90830
Zr,22,89910
Zr,23,88820
Zr,24,87680
Zr,25,86470
Zr,26,85190
Zr,27,83850
Zr,28,82460
Zr,29,80940
Zr,30,79350
Zr,31,75570
Zr,32,71610
Zr,33,67480
Zr,34,63187
Zr,35,58635
Zr,36,53891
Zr,37,48900.118
Zr,38,43753.183
Zr,39,22236.712
Nb,0,103840
Nb,1,103820
Nb,2,103810
Nb,3,103790
Nb,4,103750
Nb,5,103700
Nb,6,103600
Nb,7,103480
Nb,8,103340
Nb,9,103180
Nb,10,103010
Nb,11,102810
Nb,12,102560
Nb,13,102290
Nb,14,101800
Nb,15,101270
Nb,16,100700
Nb,17,100060
Nb,18,99370
Nb,19,98620
Nb,20,97800
Nb,21,96920
Nb,22,95980
Nb,23,94980
Nb,24,93810
Nb,25,92580
Nb,26,91280
Nb,27,89910
Nb,28,88480
Nb,29,86990
Nb,30,85360
Nb,31,83680
Nb,32,79660
Nb,33,75470
Nb,34,71090
Nb,35,66555
Nb,36,61739
Nb,37,56728
Nb,38,51462.962
Nb,39,46036.896
Nb,40,23388.850
Mo,0,110060
Mo,1,110060
Mo,2,110040
Mo,3,110010
Mo,4,109970
Mo,5,109910
Mo,6,109850
Mo,7,109730
Mo,8,109580
Mo,9,109420
Mo,10,109230
Mo,11,109020
Mo,12,108800
Mo,13,108510
Mo,14,108210
Mo,15,107670
Mo,16,107070
Mo,17,106430
Mo,18,105720
Mo,19,104970
Mo,20,104130
Mo,21,103250
Mo,22,102300
Mo,23,101270
Mo,24,100190
Mo,25,98930
Mo,26,97610
Mo,27,96220
Mo,28,94760
Mo,29,93220
Mo,30,91640
Mo,31,89910
Mo,32,88120
Mo,33,83860
Mo,34,79420
Mo,35,74810
Mo,36,70015
Mo,37,64931
Mo,38,59644
Mo,39,54096.060
Mo,40,48382.866
Mo,41,24572.213
Tc,0,116480
Tc,1,116480
Tc,2,116460
Tc,3,116430
Tc,4,116400
Tc,5,116330
Tc,6,116260
Tc,7,116170
Tc,8,116020
Tc,9,115860
Tc,10,115660
Tc,11,115450
Tc,12,115220
Tc,13,114960
Tc,14,114640
Tc,15,114300
Tc,16,113690
Tc,17,113050
Tc,18,112330
Tc,19,111560
Tc,20,110730
Tc,21,109830
Tc,22,108860
Tc,23,107830
Tc,24,106730
Tc,25,105560
Tc,26,104210
Tc,27,102800
Tc,28,101310
Tc,29,99760
Tc,30,98110
Tc,31,96420
Tc,32,94590
Tc,33,92690
Tc,34,88180
Tc,35,83500
Tc,36,78630
Tc,37,73570
Tc,38,68209
Tc,39,62638
Tc,40,56799.97
Tc,41,50791.578
Tc,42,25787.047
Ru,0,123140
Ru,1,123140
Ru,2,123130
Ru,3,123090
Ru,4,123050
Ru,5,122990
Ru,6,122920
Ru,7,122820
Ru,8,122710
Ru,9,122530
Ru,10,122340
Ru,11,122110
Ru,12,121860
Ru,13,121600
Ru,14,121310
Ru,15,120960
Ru,16,120570
Ru,17,119910
Ru,18,119190
Ru,19,118400
Ru,20,117560
Ru,21,116660
Ru,22,115660
Ru,23,114620
Ru,24,113510
Ru,25,112320
Ru,26,111070
Ru,27,109630
Ru,28,108110
Ru,29,106540
Ru,30,104880
Ru,31,103130
Ru,32,101340
Ru,33,99390
Ru,34,97380
Ru,35,92620
Ru,36,87680
Ru,37,82550
Ru,38,77220
Ru,39,71574
Ru,40,65712
Ru,41,59575.172
Ru,42,53263.452
Ru,43,27033.564
Rh,0,130030
Rh,1,130020
Rh,2,130010
Rh,3,129970
Rh,4,129940
Rh,5,129870
Rh,6,129790
Rh,7,129700
Rh,8,129580
Rh,9,129440
Rh,10,129240
Rh,11,129010
Rh,12,128760
Rh,13,128480
Rh,14,128170
Rh,15,127840
Rh,16,127460
Rh,17,127030
Rh,18,126300
Rh,19,125510
Rh,20,124640
Rh,21,123720
Rh,22,122740
Rh,23,121680
Rh,24,120550
Rh,25,119350
Rh,26,118070
Rh,27,116730
Rh,28,115180
Rh,29,113580
Rh,30,111910
Rh,31,110140
Rh,32,108290
Rh,33,106390
Rh,34,104320
Rh,35,102190
Rh,36,97180
Rh,37,91970
Rh,38,86570
Rh,39,80967
Rh,40,75027
Rh,41,68866
Rh,42,62422.272
Rh,43,55799.010
Rh,44,28312.031
Pd,0,137140
Pd,1,137130
Pd,2,137110
Pd,3,137080
Pd,4,137040
Pd,5,136980
Pd,6,136890
Pd,7,136790
Pd,8,136670
Pd,9,136530
Pd,10,136370
Pd,11,136120
Pd,12,135870
Pd,13,135580
Pd,14,135270
Pd,15,134930
Pd,16,134560
Pd,17,134140
Pd,18,133680
Pd,19,132860
Pd,20,131990
Pd,21,131060
Pd,22,130060
Pd,23,128990
Pd,24,127850
Pd,25,126640
Pd,26,125350
Pd,27,123980
Pd,28,122550
Pd,29,120900
Pd,30,119190
Pd,31,117410
Pd,32,115540
Pd,33,113580
Pd,34,111560
Pd,35,109380
Pd,36,107130
Pd,37,101850
Pd,38,96370
Pd,39,90690
Pd,40,84811
Pd,41,78569
Pd,42,72101
Pd,43,65341.81
Pd,44,58398.710
Pd,45,29622.678
Ag,0,144480
Ag,1,144480
Ag,2,144450
Ag,3,144420
Ag,4,144370
Ag,5,144310
Ag,6,144220
Ag,7,144120
Ag,8,144000
Ag,9,143850
Ag,10,143670
Ag,11,143490
Ag,12,143210
Ag,13,142930
Ag,14,142610
Ag,15,142260
Ag,16,141880
Ag,17,141470
Ag,18,140990
Ag,19,140500
Ag,20,139610
Ag,21,138660
Ag,22,137650
Ag,23,136570
Ag,24,135430
Ag,25,134190
Ag,26,132890
Ag,27,131500
Ag,28,130050
Ag,29,128510
Ag,30,126760
Ag,31,124950
Ag,32,123070
Ag,33,121080
Ag,34,119000
Ag,35,116880
Ag,36,114570
Ag,37,112210
Ag,38,106640
Ag,39,100890
Ag,40,94920
Ag,41,88753
Ag,42,82202
Ag,43,75417
Ag,44,68334.39
Ag,45,61063.094
Ag,46,30965.780
Cd,0,152050
Cd,1,152040
Cd,2,152030
Cd,3,151990
Cd,4,151940
Cd,5,151870
Cd,6,151780
Cd,7,151680
Cd,8,151550
Cd,9,151400
Cd,10,151220
Cd,11,151030
Cd,12,150810
Cd,13,150500
Cd,14,150180
Cd,15,149820
Cd,16,149440
Cd,17,149020
Cd,18,148560
Cd,19,148050
Cd,20,147500
Cd,21,146540
Cd,22,145510
Cd,23,144420
Cd,24,143250
Cd,25,142010
Cd,26,140700
Cd,27,139300
Cd,28,137820
Cd,29,136260
Cd,30,134620
Cd,31,132770
Cd,32,130850
Cd,33,128860
Cd,34,126760
Cd,35,124570
Cd,36,122320
Cd,37,119890
Cd,38,117390
Cd,39,111550
Cd,40,105510
Cd,41,99260
Cd,42,92792
Cd,43,85924
Cd,44,78814
Cd,45,71400.60
Cd,46,63792.657
Cd,47,32341.587
In,0,159850
In,1,159840
In,2,159830
In,3,159800
In,4,159740
In,5,159680
In,6,159580
In,7,159470
In,8,159340
In,9,159180
In,10,159010
In,11,158810
In,12,158590
In,13,158340
In,14,157990
In,15,157620
In,16,157220
In,17,156800
In,18,156340
In,19,155850
In,20,155290
In,21,154700
In,22,153650
In,23,152540
In,24,151360
In,25,150110
In,26,148780
In,27,147370
In,28,145870
In,29,144290
In,30,142630
In,31,140900
In,32,138940
In,33,136900
In,34,134800
In,35,132590
In,36,130270
In,37,127900
In,38,125340
In,39,122710
In,40,116580
In,41,110260
In,42,103700
In,43,96933
In,44,89737
In,45,82296
In,46,74541.14
In,47,66587.998
In,48,33750.404
Sn,0,167890
Sn,1,167890
Sn,2,167860
Sn,3,167840
Sn,4,167800
Sn,5,167710
Sn,6,167630
Sn,7,167520
Sn,8,167380
Sn,9,167220
Sn,10,167030
Sn,11,166830
Sn,12,166600
Sn,13,166340
Sn,14,166050
Sn,15,165680
Sn,16,165270
Sn,17,164840
Sn,18,164370
Sn,19,163860
Sn,20,163320
Sn,21,162720
Sn,22,162070
Sn,23,160940
Sn,24,159750
Sn,25,158490
Sn,26,157140
Sn,27,155710
Sn,28,154210
Sn,29,152610
Sn,30,150940
Sn,31,149180
Sn,32,147330
Sn,33,145260
Sn,34,143110
Sn,35,140880
Sn,36,138560
Sn,37,136120
Sn,38,133620
Sn,39,130930
Sn,40,128160
Sn,41,121750
Sn,42,115120
Sn,43,108260
Sn,44,101181
Sn,45,93650
Sn,46,85860
Sn,47,77756.60
Sn,48,69449.648
Sn,49,35192.501
Sb,0,176140
Sb,1,176130
Sb,2,176120
Sb,3,176090
Sb,4,176050
Sb,5,176000
Sb,6,175900
Sb,7,175780
Sb,8,175640
Sb,9,175470
Sb,10,175290
Sb,11,175080
Sb,12,174840
Sb,13,174570
Sb,14,174280
Sb,15,173960
Sb,16,173540
Sb,17,173090
Sb,18,172620
Sb,19,172110
Sb,20,171560
Sb,21,170970
Sb,22,170320
Sb,23,169620
Sb,24,168410
Sb,25,167130
Sb,26,165770
Sb,27,164330
Sb,28,162800
Sb,29,161200
Sb,30,159510
Sb,31,157720
Sb,32,155850
Sb,33,153900
Sb,34,151710
Sb,35,149440
Sb,36,147090
Sb,37,144660
Sb,38,142100
Sb,39,139450
Sb,40,136630
Sb,41,133730
Sb,42,127016
Sb,43,120086
Sb,44,112920
Sb,45,105529
Sb,46,97643
Sb,47,89503
Sb,48,81047.70
Sb,49,72378.21
Sb,50,36668.183
Te,0,184650
Te,1,184640
Te,2,184620
Te,3,184600
Te,4,184560
Te,5,184500
Te,6,184430
Te,7,184300
Te,8,184170
Te,9,183990
Te,10,183810
Te,11,183600
Te,12,183350
Te,13,183080
Te,14,182780
Te,15,182440
Te,16,182100
Te,17,181640
Te,18,181140
Te,19,180620
Te,20,180060
Te,21,179470
Te,22,178830
Te,23,178130
Te,24,177370
Te,25,176070
Te,26,174690
Te,27,173240
Te,28,171710
Te,29,170080
Te,30,168380
Te,31,166570
Te,32,164690
Te,33,162700
Te,34,160650
Te,35,158330
Te,36,155950
Te,37,153480
Te,38,150930
Te,39,148220
Te,40,145430
Te,41,142480
Te,42,139440
Te,43,132418
Te,44,125174
Te,45,117690
Te,46,109975
Te,47,101735
Te,48,93236
Te,49,84415.09
Te,50,75374.26
Te,51,38177.740
I,0,193400
I,1,193390
I,2,193380
I,3,193340
I,4,193300
I,5,193250
I,6,193180
I,7,193090
I,8,192930
I,9,192770
I,10,192570
I,11,192350
I,12,192100
I,13,191830
I,14,191520
I,15,191180
I,16,190810
I,17,190430
I,18,189920
I,19,189390
I,20,188820
I,21,188210
I,22,187560
I,23,186880
I,24,186130
I,25,185320
I,26,183920
I,27,182460
I,28,180890
I,29,179260
I,30,177530
I,31,175720
I,32,173810
I,33,171820
I,34,169720
I,35,167540
I,36,165110
I,37,162610
I,38,160000
I,39,157320
I,40,154480
I,41,151560
I,42,148460
I,43,145280
I,44,137941
I,45,130378
I,46,122567
I,47,114524
I,48,105922
I,49,97056
I,50,87859.64
I,51,78438.55
I,52,39721.549
Xe,0,202400
Xe,1,202390
Xe,2,202370
Xe,3,202330
Xe,4,202290
Xe,5,202240
Xe,6,202170
Xe,7,202080
Xe,8,201970
Xe,9,201800
Xe,10,201600
Xe,11,201360
Xe,12,201110
Xe,13,200830
Xe,14,200520
Xe,15,200170
Xe,16,199800
Xe,17,199390
Xe,18,198960
Xe,19,198410
Xe,20,197830
Xe,21,197210
Xe,22,196560
Xe,23,195860
Xe,24,195130
Xe,25,194310
Xe,26,193450
Xe,27,191950
Xe,28,190390
Xe,29,188730
Xe,30,186990
Xe,31,185170
Xe,32,183250
Xe,33,181230
Xe,34,179110
Xe,35,176900
Xe,36,174610
Xe,37,172040
Xe,38,169410
Xe,39,166680
Xe,40,163870
Xe,41,160890
Xe,42,157830
Xe,43,154590
Xe,44,151250
Xe,45,143592
Xe,46,135703
Xe,47,127559
Xe,48,119177
Xe,49,110206
Xe,50,100963
Xe,51,91382.00
Xe,52,81571.62
Xe,53,41299.892
Cs,0,211630
Cs,1,211630
Cs,2,211600
Cs,3,211570
Cs,4,211530
Cs,5,211470
Cs,6,211410
Cs,7,211320
Cs,8,211210
Cs,9,211080
Cs,10,210870
Cs,11,210640
Cs,12,210380
Cs,13,210080
Cs,14,209770
Cs,15,209420
Cs,16,209040
Cs,17,208620
Cs,18,208180
Cs,19,207700
Cs,20,207100
Cs,21,206470
Cs,22,205810
Cs,23,205110
Cs,24,204350
Cs,25,203570
Cs,26,202690
Cs,27,201770
Cs,28,200180
Cs,29,198510
Cs,30,196750
Cs,31,194900
Cs,32,192970
Cs,33,190940
Cs,34,188800
Cs,35,186570
Cs,36,184240
Cs,37,181820
Cs,38,179140
Cs,39,176370
Cs,40,173520
Cs,41,170570
Cs,42,167450
Cs,43,164240
Cs,44,160840
Cs,45,157360
Cs,46,149370
Cs,47,141146
Cs,48,132662
Cs,49,123936
Cs,50,114586
Cs,51,104958
Cs,52,94983.00
Cs,53,84774.22
Cs,54,42913.144
Ba,0,221100
Ba,1,221100
Ba,2,221090
Ba,3,221050
Ba,4,221000
Ba,5,220940
Ba,6,220880
Ba,7,220790
Ba,8,220690
Ba,9,220560
Ba,10,220410
Ba,11,220170
Ba,12,219900
Ba,13,219600
Ba,14,219280
Ba,15,218930
Ba,16,218530
Ba,17,218110
Ba,18,217650
Ba,19,217170
Ba,20,216650
Ba,21,216010
Ba,22,215320
Ba,23,214600
Ba,24,213860
Ba,25,213050
Ba,26,212200
Ba,27,211270
Ba,28,210290
Ba,29,208590
Ba,30,206820
Ba,31,204960
Ba,32,203000
Ba,33,200950
Ba,34,198810
Ba,35,196550
Ba,36,194210
Ba,37,191750
Ba,38,189200
Ba,39,186390
Ba,40,183480
Ba,41,180500
Ba,42,177420
Ba,43,174150
Ba,44,170790
Ba,45,167240
Ba,46,163600
Ba,47,155274
Ba,48,146709
Ba,49,137878
Ba,50,128801
Ba,51,119062
Ba,52,109039
Ba,53,98663.43
Ba,54,88047.01
Ba,55,44561.633
La,0,230820
La,1,230820
La,2,230810
La,3,230780
La,4,230730
La,5,230670
La,6,230600
La,7,230510
La,8,230410
La,9,230290
La,10,230140
La,11,229970
La,12,229690
La,13,229400
La,14,229060
La,15,228700
La,16,228300
La,17,227870
La,18,227410
La,19,226920
La,20,226380
La,21,225810
La,22,225120
La,23,224390
La,24,223620
La,25,222810
La,26,221940
La,27,221040
La,28,220050
La,29,219010
La,30,217210
La,31,215320
La,32,213350
La,33,211280
La,34,209110
La,35,206860
La,36,204470
La,37,202010
La,38,199430
La,39,196750
La,40,193800
La,41,190770
La,42,187640
La,43,184410
La,44,180990
La,45,177480
La,46,173780
La,47,169980
La,48,161310
La,49,152396
La,50,143212
La,51,133775
La,52,123640
La,53,113214
La,54,102424.16
La,55,91390.76
La,56,46245.77
Ce,0,240800
Ce,1,240800
Ce,2,240790
Ce,3,240760
Ce,4,240730
Ce,5,240670
Ce,6,240590
Ce,7,240490
Ce,8,240390
Ce,9,240270
Ce,10,240120
Ce,11,239960
Ce,12,239760
Ce,13,239450
Ce,14,239100
Ce,15,238740
Ce,16,238330
Ce,17,237900
Ce,18,237430
Ce,19,236920
Ce,20,236380
Ce,21,235790
Ce,22,235190
Ce,23,234440
Ce,24,233650
Ce,25,232830
Ce,26,231960
Ce,27,231040
Ce,28,230080
Ce,29,229010
Ce,30,227910
Ce,31,226000
Ce,32,224010
Ce,33,221920
Ce,34,219740
Ce,35,217460
Ce,36,215080
Ce,37,212580
Ce,38,209980
Ce,39,207280
Ce,40,204460
Ce,41,201390
Ce,42,198200
Ce,43,194930
Ce,44,191570
Ce,45,188000
Ce,46,184330
Ce,47,180460
Ce,48,176500
Ce,49,167475
Ce,50,158206
Ce,51,148661
Ce,52,138859
Ce,53,128316
Ce,54,117476
Ce,55,106266.05
Ce,56,94806.20
Ce,57,47965.89
Pr,0,251060
Pr,1,251060
Pr,2,251040
Pr,3,251020
Pr,4,250980
Pr,5,250930
Pr,6,250840
Pr,7,250750
Pr,8,250630
Pr,9,250510
Pr,10,250360
Pr,11,250200
Pr,12,250000
Pr,13,249780
Pr,14,249430
Pr,15,249050
Pr,16,248640
Pr,17,248190
Pr,18,247720
Pr,19,247200
Pr,20,246640
Pr,21,246060
Pr,22,245430
Pr,23,244770
Pr,24,243960
Pr,25,243120
Pr,26,242240
Pr,27,241320
Pr,28,240340
Pr,29,239310
Pr,30,238190
Pr,31,237020
Pr,32,235000
Pr,33,232890
Pr,34,230680
Pr,35,228380
Pr,36,225990
Pr,37,223480
Pr,38,220850
Pr,39,218130
Pr,40,215290
Pr,41,212350
Pr,42,209120
Pr,43,205800
Pr,44,202380
Pr,45,198870
Pr,46,195140
Pr,47,191310
Pr,48,187280
Pr,49,183150
Pr,50,173770
Pr,51,164140
Pr,52,154226
Pr,53,144052
Pr,54,133093
Pr,55,121831
Pr,56,110190.04
Pr,57,98294.15
Pr,58,49722.44
Nd,0,261580
Nd,1,261580
Nd,2,261570
Nd,3,261540
Nd,4,261510
Nd,5,261450
Nd,6,261360
Nd,7,261260
Nd,8,261150
Nd,9,261010
Nd,10,260860
Nd,11,260690
Nd,12,260500
Nd,13,260280
Nd,14,260030
Nd,15,259650
Nd,16,259230
Nd,17,258770
Nd,18,258280
Nd,19,257760
Nd,20,257190
Nd,21,256600
Nd,22,255950
Nd,23,255280
Nd,24,254560
Nd,25,253710
Nd,26,252820
Nd,27,251870
Nd,28,250890
Nd,29,249840
Nd,30,248750
Nd,31,247560
Nd,32,246320
Nd,33,244190
Nd,34,241970
Nd,35,239650
Nd,36,237220
Nd,37,234690
Nd,38,232070
Nd,39,229310
Nd,40,226440
Nd,41,223470
Nd,42,220390
Nd,43,217020
Nd,44,213560
Nd,45,209990
Nd,46,206330
Nd,47,202440
Nd,48,198450
Nd,49,194250
Nd,50,189940
Nd,51,180200
Nd,52,170201
Nd,53,159912
Nd,54,149358
Nd,55,137973
Nd,56,126279
Nd,57,114197.03
Nd,58,101855.37
Nd,59,51515.78
Pm,0,272380
Pm,1,272370
Pm,2,272360
Pm,3,272340
Pm,4,272290
Pm,5,272230
Pm,6,272150
Pm,7,272050
Pm,8,271930
Pm,9,271800
Pm,10,271640
Pm,11,271460
Pm,12,271270
Pm,13,271030
Pm,14,270780
Pm,15,270520
Pm,16,270090
Pm,17,269630
Pm,18,269130
Pm,19,268600
Pm,20,268030
Pm,21,267420
Pm,22,266760
Pm,23,266080
Pm,24,265350
Pm,25,264580
Pm,26,263660
Pm,27,262710
Pm,28,261710
Pm,29,260680
Pm,30,259560
Pm,31,258400
Pm,32,257140
Pm,33,255830
Pm,34,253580
Pm,35,251230
Pm,36,248790
Pm,37,246250
Pm,38,243590
Pm,39,240840
Pm,40,237940
Pm,41,234950
Pm,42,231840
Pm,43,228610
Pm,44,225090
Pm,45,221490
Pm,46,217770
Pm,47,213950
Pm,48,209890
Pm,49,205730
Pm,50,201360
Pm,51,196870
Pm,52,186770
Pm,53,176390
Pm,54,165717
Pm,55,154774
Pm,56,142956
Pm,57,130819
Pm,58,118287.87
Pm,59,105490.60
Pm,60,53346.31
Sm,0,283450
Sm,1,283450
Sm,2,283440
Sm,3,283420
Sm,4,283380
Sm,5,283320
Sm,6,283230
Sm,7,283120
Sm,8,283010
Sm,9,282860
Sm,10,282710
Sm,11,282520
Sm,12,282310
Sm,13,282080
Sm,14,281820
Sm,15,281540
Sm,16,281230
Sm,17,280760
Sm,18,280250
Sm,19,279720
Sm,20,279140
Sm,21,278520
Sm,22,277860
Sm,23,277150
Sm,24,276410
Sm,25,275630
Sm,26,274810
Sm,27,273830
Sm,28,272810
Sm,29,271760
Sm,30,270660
Sm,31,269480
Sm,32,268250
Sm,33,266930
Sm,34,265540
Sm,35,263170
Sm,36,260700
Sm,37,258140
Sm,38,255460
Sm,39,252680
Sm,40,249790
Sm,41,246750
Sm,42,243620
Sm,43,240370
Sm,44,237010
Sm,45,233340
Sm,46,229570
Sm,47,225700
Sm,48,221730
Sm,49,217510
Sm,50,213170
Sm,51,208620
Sm,52,203970
Sm,53,193460
Sm,54,182700
Sm,55,171644
Sm,56,160308
Sm,57,148043
Sm,58,135455
Sm,59,122463.27
Sm,60,109200.42
Sm,61,55214.30
Eu,0,294810
Eu,1,294800
Eu,2,294780
Eu,3,294760
Eu,4,294720
Eu,5,294660
Eu,6,294560
Eu,7,294460
Eu,8,294340
Eu,9,294200
Eu,10,294040
Eu,11,293850
Eu,12,293640
Eu,13,293400
Eu,14,293140
Eu,15,292850
Eu,16,292540
Eu,17,292190
Eu,18,291690
Eu,19,291130
Eu,20,290530
Eu,21,289910
Eu,22,289240
Eu,23,288540
Eu,24,287780
Eu,25,286990
Eu,26,286140
Eu,27,285260
Eu,28,284220
Eu,29,283160
Eu,30,282030
Eu,31,280860
Eu,32,279610
Eu,33,278310
Eu,34,276910
Eu,35,275460
Eu,36,272950
Eu,37,270360
Eu,38,267670
Eu,39,264860
Eu,40,261940
Eu,41,258930
Eu,42,255750
Eu,43,252480
Eu,44,249080
Eu,45,245580
Eu,46,241740
Eu,47,237830
Eu,48,233800
Eu,49,229670
Eu,50,225270
Eu,51,220750
Eu,52,216020
Eu,53,211180
Eu,54,200310
Eu,55,189150
Eu,56,177694
Eu,57,165955
Eu,58,153237
Eu,59,140188
Eu,60,126725.14
Eu,61,112986.56
Eu,62,57120.64
Gd,0,306410
Gd,1,306410
Gd,2,306400
Gd,3,306380
Gd,4,306340
Gd,5,306280
Gd,6,306180
Gd,7,306080
Gd,8,305960
Gd,9,305810
Gd,10,305650
Gd,11,305460
Gd,12,305250
Gd,13,305000
Gd,14,304740
Gd,15,304440
Gd,16,304130
Gd,17,303770
Gd,18,303390
Gd,19,302830
Gd,20,302220
Gd,21,301590
Gd,22,300910
Gd,23,300190
Gd,24,299430
Gd,25,298620
Gd,26,297770
Gd,27,296870
Gd,28,295940
Gd,29,294830
Gd,30,293690
Gd,31,292500
Gd,32,291280
Gd,33,289950
Gd,34,288590
Gd,35,287100
Gd,36,285570
Gd,37,282940
Gd,38,280230
Gd,39,277400
Gd,40,274460
Gd,41,271410
Gd,42,268250
Gd,43,264940
Gd,44,261520
Gd,45,257970
Gd,46,254300
Gd,47,250320
Gd,48,246250
Gd,49,242050
Gd,50,237760
Gd,51,233190
Gd,52,228490
Gd,53,223580
Gd,54,218560
Gd,55,207280
Gd,56,195730
Gd,57,183870
Gd,58,171721
Gd,59,158539
Gd,60,145017
Gd,61,131074.02
Gd,62,116849.45
Gd,63,59065.54
Tb,0,318330
Tb,1,318330
Tb,2,318320
Tb,3,318290
Tb,4,318260
Tb,5,318190
Tb,6,318090
Tb,7,317990
Tb,8,317870
Tb,9,317720
Tb,10,317560
Tb,11,317370
Tb,12,317150
Tb,13,316900
Tb,14,316630
Tb,15,316330
Tb,16,316010
Tb,17,315650
Tb,18,315250
Tb,19,314830
Tb,20,314230
Tb,21,313570
Tb,22,312870
Tb,23,312140
Tb,24,311370
Tb,25,310560
Tb,26,309690
Tb,27,308780
Tb,28,307830
Tb,29,306840
Tb,30,305670
Tb,31,304460
Tb,32,303200
Tb,33,301900
Tb,34,300510
Tb,35,299060
Tb,36,297510
Tb,37,295900
Tb,38,293150
Tb,39,290300
Tb,40,287330
Tb,41,284260
Tb,42,281070
Tb,43,277760
Tb,44,274320
Tb,45,270730
Tb,46,267040
Tb,47,263230
Tb,48,259090
Tb,49,254850
Tb,50,250490
Tb,51,246030
Tb,52,241270
Tb,53,236390
Tb,54,231290
Tb,55,226070
Tb,56,214390
Tb,57,202440
Tb,58,190170
Tb,59,177610
Tb,60,163949
Tb,61,149946
Tb,62,135512.2
Tb,63,120791.2
Tb,64,61050.1
Dy,0,330600
Dy,1,330600
Dy,2,330500
Dy,3,330500
Dy,4,330500
Dy,5,330400
Dy,6,330300
Dy,7,330200
Dy,8,330080
Dy,9,329930
Dy,10,329760
Dy,11,329570
Dy,12,329350
Dy,13,329090
Dy,14,328810
Dy,15,328510
Dy,16,328170
Dy,17,327810
Dy,18,327420
Dy,19,326980
Dy,20,326510
Dy,21,325860
Dy,22,325150
Dy,23,324400
Dy,24,323620
Dy,25,322790
Dy,26,321920
Dy,27,321000
Dy,28,320030
Dy,29,319010
Dy,30,317960
Dy,31,316720
Dy,32,315450
Dy,33,314130
Dy,34,312750
Dy,35,311290
Dy,36,309760
Dy,37,308130
Dy,38,306440
Dy,39,303550
Dy,40,300560
Dy,41,297460
Dy,42,294250
Dy,43,290920
Dy,44,287470
Dy,45,283860
Dy,46,280140
Dy,47,276290
Dy,48,272320
Dy,49,268020
Dy,50,263620
Dy,51,259090
Dy,52,254450
Dy,53,249520
Dy,54,244450
Dy,55,239150
Dy,56,233740
Dy,57,221660
Dy,58,209290
Dy,59,196600
Dy,60,183610
Dy,61,169470
Dy,62,154974
Dy,63,140037.91
Dy,64,124809.85
Dy,65,63073.23
Ho,0,343100
Ho,1,343100
Ho,2,343100
Ho,3,343000
Ho,4,343000
Ho,5,342900
Ho,6,342800
Ho,7,342700
Ho,8,342600
Ho,9,342400
Ho,10,342300
Ho,11,342100
Ho,12,341800
Ho,13,341580
Ho,14,341290
Ho,15,340980
Ho,16,340650
Ho,17,340270
Ho,18,339870
Ho,19,339420
Ho,20,338950
Ho,21,338440
Ho,22,337720
Ho,23,336960
Ho,24,336170
Ho,25,335330
Ho,26,334450
Ho,27,333520
Ho,28,332540
Ho,29,331510
Ho,30,330430
Ho,31,329300
Ho,32,328000
Ho,33,326660
Ho,34,325260
Ho,35,323820
Ho,36,322270
Ho,37,320670
Ho,38,318960
Ho,39,317190
Ho,40,314160
Ho,41,311040
Ho,42,307800
Ho,43,304440
Ho,44,300970
Ho,45,297380
Ho,46,293620
Ho,47,289740
Ho,48,285720
Ho,49,281590
Ho,50,277130
Ho,51,272550
Ho,52,267860
Ho,53,263060
Ho,54,257920
Ho,55,252670
Ho,56,247170
Ho,57,241560
Ho,58,229060
Ho,59,216280
Ho,60,203160
Ho,61,189750
Ho,62,175100
Ho,63,160103
Ho,64,144655.33
Ho,65,128909.56
Ho,66,65137.13
Er,0,355800
Er,1,355800
Er,2,355800
Er,3,355800
Er,4,355800
Er,5,355700
Er,6,355700
Er,7,355600
Er,8,355500
Er,9,355200
Er,10,355100
Er,11,354900
Er,12,354600
Er,13,354400
Er,14,354100
Er,15,353800
Er,16,353400
Er,17,353050
Er,18,352620
Er,19,352180
Er,20,351690
Er,21,351170
Er,22,350610
Er,23,349850
Er,24,349040
Er,25,348180
Er,26,347280
Er,27,346340
Er,28,345350
Er,29,344300
Er,30,343210
Er,31,342070
Er,32,340880
Er,33,339510
Er,34,338090
Er,35,336630
Er,36,335120
Er,37,333490
Er,38,331810
Er,39,330010
Er,40,328150
Er,41,324990
Er,42,321730
Er,43,318340
Er,44,314850
Er,45,311210
Er,46,307470
Er,47,303560
Er,48,299520
Er,49,295360
Er,50,291050
Er,51,286420
Er,52,281670
Er,53,276810
Er,54,271820
Er,55,266490
Er,56,261040
Er,57,255350
Er,58,249530
Er,59,236610
Er,60,223390
Er,61,209840
Er,62,195990
Er,63,180840
Er,64,165335
Er,65,149364.28
Er,66,133089.72
Er,67,67241.48
Tm,0,369000
Tm,1,369000
Tm,2,369000
Tm,3,369000
Tm,4,369000
Tm,5,368900
Tm,6,368700
Tm,7,368600
Tm,8,368500
Tm,9,368400
Tm,10,368200
Tm,11,368000
Tm,12,367700
Tm,13,367500
Tm,14,367100
Tm,15,366900
Tm,16,366500
Tm,17,366100
Tm,18,365700
Tm,19,365200
Tm,20,364700
Tm,21,364200
Tm,22,363600
Tm,23,363000
Tm,24,362200
Tm,25,361340
Tm,26,360430
Tm,27,359480
Tm,28,358480
Tm,29,357420
Tm,30,356320
Tm,31,355150
Tm,32,353950
Tm,33,352700
Tm,34,351250
Tm,35,349760
Tm,36,348220
Tm,37,346620
Tm,38,344920
Tm,39,343160
Tm,40,341270
Tm,41,339330
Tm,42,336030
Tm,43,332620
Tm,44,329090
Tm,45,325430
Tm,46,321660
Tm,47,317770
Tm,48,313690
Tm,49,309490
Tm,50,305160
Tm,51,300700
Tm,52,295890
Tm,53,290970
Tm,54,285920
Tm,55,280760
Tm,56,275230
Tm,57,269580
Tm,58,263680
Tm,59,257650
Tm,60,244310
Tm,61,230660
Tm,62,216670
Tm,63,202370
Tm,64,186710
Tm,65,170670
Tm,66,154167.04
Tm,67,137352.70
Tm,68,69387.45
Yb,0,382500
Yb,1,382500
Yb,2,382500
Yb,3,382400
Yb,4,382400
Yb,5,382400
Yb,6,382200
Yb,7,382100
Yb,8,382000
Yb,9,381700
Yb,10,381600
Yb,11,381400
Yb,12,381100
Yb,13,380900
Yb,14,380600
Yb,15,380300
Yb,16,379900
Yb,17,379500
Yb,18,379000
Yb,19,378600
Yb,20,378100
Yb,21,377600
Yb,22,377000
Yb,23,376400
Yb,24,375700
Yb,25,374800
Yb,26,373900
Yb,27,372900
Yb,28,371900
Yb,29,370800
Yb,30,369700
Yb,31,368600
Yb,32,367300
Yb,33,366100
Yb,34,364700
Yb,35,363220
Yb,36,361660
Yb,37,360040
Yb,38,358380
Yb,39,356580
Yb,40,354740
Yb,41,352760
Yb,42,350730
Yb,43,347280
Yb,44,343720
Yb,45,340050
Yb,46,336250
Yb,47,332310
Yb,48,328260
Yb,49,324020
Yb,50,319660
Yb,51,315160
Yb,52,310530
Yb,53,305550
Yb,54,300440
Yb,55,295220
Yb,56,289880
Yb,57,284150
Yb,58,278280
Yb,59,272170
Yb,60,265950
Yb,61,252160
Yb,62,238060
Yb,63,223630
Yb,64,208880
Yb,65,192680
Yb,66,176110
Yb,67,159063.11
Yb,68,141697.67
Yb,69,71574.63
Lu,0,396300
Lu,1,396300
Lu,2,396100
Lu,3,396100
Lu,4,396100
Lu,5,396000
Lu,6,396000
Lu,7,395900
Lu,8,395800
Lu,9,395500
Lu,10,395400
Lu,11,395100
Lu,12,394900
Lu,13,394600
Lu,14,394300
Lu,15,394000
Lu,16,393600
Lu,17,393300
Lu,18,392800
Lu,19,392300
Lu,20,391800
Lu,21,391300
Lu,22,390700
Lu,23,390100
Lu,24,389300
Lu,25,388700
Lu,26,387700
Lu,27,386700
Lu,28,385700
Lu,29,384600
Lu,30,383500
Lu,31,382300
Lu,32,381100
Lu,33,379800
Lu,34,378400
Lu,35,377000
Lu,36,375400
Lu,37,373800
Lu,38,372100
Lu,39,370300
Lu,40,368500
Lu,41,366500
Lu,42,364500
Lu,43,362300
Lu,44,358700
Lu,45,355040
Lu,46,351220
Lu,47,347250
Lu,48,343180
Lu,49,338960
Lu,50,334560
Lu,51,330020
Lu,52,325360
Lu,53,320550
Lu,54,315380
Lu,55,310100
Lu,56,304690
Lu,57,299160
Lu,58,293240
Lu,59,287160
Lu,60,280840
Lu,61,274380
Lu,62,260160
Lu,63,245610
Lu,64,230720
Lu,65,215510
Lu,66,198780
Lu,67,181660
Lu,68,164055.3
Lu,69,146127.2
Lu,70,73804.35
Hf,0,410300
Hf,1,410300
Hf,2,410300
Hf,3,410100
Hf,4,410100
Hf,5,410100
Hf,6,410000
Hf,7,409900
Hf,8,409800
Hf,9,409500
Hf,10,409400
Hf,11,409100
Hf,12,408900
Hf,13,408700
Hf,14,408400
Hf,15,408000
Hf,16,407700
Hf,17,407300
Hf,18,406800
Hf,19,406400
Hf,20,405800
Hf,21,405300
Hf,22,404700
Hf,23,404100
Hf,24,403300
Hf,25,402600
Hf,26,401800
Hf,27,400800
Hf,28,399700
Hf,29,398700
Hf,30,397500
Hf,31,396400
Hf,32,395100
Hf,33,393800
Hf,34,392400
Hf,35,391000
Hf,36,389600
Hf,37,387800
Hf,38,386200
Hf,39,384400
Hf,40,382500
Hf,41,380600
Hf,42,378600
Hf,43,376400
Hf,44,374200
Hf,45,370400
Hf,46,366600
Hf,47,362600
Hf,48,358500
Hf,49,354200
Hf,50,349900
Hf,51,345300
Hf,52,340600
Hf,53,335700
Hf,54,330800
Hf,55,325400
Hf,56,319900
Hf,57,314350
Hf,58,308630
Hf,59,302480
Hf,60,296210
Hf,61,289660
Hf,62,282980
Hf,63,268310
Hf,64,253310
Hf,65,237960
Hf,66,222280
Hf,67,205000
Hf,68,187330
Hf,69,169145.9
Hf,70,150643.60
Hf,71,76077.70
Ta,0,424500
Ta,1,424500
Ta,2,424500
Ta,3,424500
Ta,4,424500
Ta,5,424400
Ta,6,424400
Ta,7,424300
Ta,8,424000
Ta,9,423900
Ta,10,423800
Ta,11,423500
Ta,12,423300
Ta,13,423000
Ta,14,422800
Ta,15,422400
Ta,16,422000
Ta,17,421700
Ta,18,421200
Ta,19,420700
Ta,20,420200
Ta,21,419600
Ta,22,418900
Ta,23,418300
Ta,24,417700
Ta,25,416800
Ta,26,416100
Ta,27,415200
Ta,28,414200
Ta,29,413100
Ta,30,412000
Ta,31,410800
Ta,32,409500
Ta,33,408200
Ta,34,406800
Ta,35,405300
Ta,36,403800
Ta,37,402300
Ta,38,400600
Ta,39,398700
Ta,40,396900
Ta,41,395000
Ta,42,392900
Ta,43,390800
Ta,44,388600
Ta,45,386200
Ta,46,382400
Ta,47,378400
Ta,48,374200
Ta,49,370000
Ta,50,365500
Ta,51,360900
Ta,52,356200
Ta,53,351400
Ta,54,346300
Ta,55,341200
Ta,56,335600
Ta,57,330000
Ta,58,324200
Ta,59,318300
Ta,60,311900
Ta,61,305400
Ta,62,298700
Ta,63,291760
Ta,64,276620
Ta,65,261160
Ta,66,245340
Ta,67,229180
Ta,68,211340
Ta,69,193090
Ta,70,174335.1
Ta,71,155246.63
Ta,72,78394.63
W,0,438990
W,1,438980
W,2,438970
W,3,438940
W,4,438900
W,5,438850
W,6,438780
W,7,438670
W,8,438520
W,9,438360
W,10,438180
W,11,437970
W,12,437740
W,13,437480
W,14,437190
W,15,436870
W,16,436510
W,17,436110
W,18,435690
W,19,435230
W,20,434730
W,21,434190
W,22,433600
W,23,432950
W,24,432270
W,25,431540
W,26,430750
W,27,429920
W,28,429030
W,29,427910
W,30,426720
W,31,425490
W,32,424210
W,33,422870
W,34,421480
W,35,420020
W,36,418510
W,37,416950
W,38,415320
W,39,413500
W,40,411620
W,41,409670
W,42,407670
W,43,405530
W,44,403320
W,45,400960
W,46,398550
W,47,394490
W,48,390310
W,49,386000
W,50,381560
W,51,376970
W,52,372260
W,53,367340
W,54,362280
W,55,357070
W,56,351720
W,57,346000
W,58,340160
W,59,334190
W,60,328100
W,61,321500
W,62,314770
W,63,307770
W,64,300640
W,65,285080
W,66,269175
W,67,252923
W,68,236335
W,69,217859
W,70,198987
W,71,179624.6
W,72,159937.84
W,73,80755.91
Re,0,454200
Re,1,454200
Re,2,454200
Re,3,454200
Re,4,454000
Re,5,454000
Re,6,453900
Re,7,453900
Re,8,453700
Re,9,453500
Re,10,453400
Re,11,453200
Re,12,452900
Re,13,452700
Re,14,452300
Re,15,452000
Re,16,451700
Re,17,451300
Re,18,450800
Re,19,450300
Re,20,449800
Re,21,449200
Re,22,448600
Re,23,448000
Re,24,447200
Re,25,446500
Re,26,445700
Re,27,444900
Re,28,443900
Re,29,443000
Re,30,441800
Re,31,440500
Re,32,439300
Re,33,437900
Re,34,436400
Re,35,435100
Re,36,433400
Re,37,432000
Re,38,430200
Re,39,428600
Re,40,426600
Re,41,424600
Re,42,422700
Re,43,420600
Re,44,418300
Re,45,416100
Re,46,413600
Re,47,411100
Re,48,406900
Re,49,402600
Re,50,398100
Re,51,393400
Re,52,388700
Re,53,383900
Re,54,378800
Re,55,373400
Re,56,368100
Re,57,362500
Re,58,356700
Re,59,350600
Re,60,344400
Re,61,338100
Re,62,331300
Re,63,324300
Re,64,317200
Re,65,309800
Re,66,293700
Re,67,277300
Re,68,260520
Re,69,243390
Re,70,224390
Re,71,204970
Re,72,185016.4
Re,73,164719.0
Re,74,83162.41
Os,0,469400
Os,1,469400
Os,2,469400
Os,3,469400
Os,4,469300
Os,5,469300
Os,6,469200
Os,7,469200
Os,8,469000
Os,9,468800
Os,10,468700
Os,11,468400
Os,12,468200
Os,13,467900
Os,14,467700
Os,15,467300
Os,16,466900
Os,17,466600
Os,18,466100
Os,19,465700
Os,20,465100
Os,21,464600
Os,22,463900
Os,23,463200
Os,24,462600
Os,25,461700
Os,26,461000
Os,27,460100
Os,28,459100
Os,29,458200
Os,30,457300
Os,31,455900
Os,32,454700
Os,33,453300
Os,34,451800
Os,35,450300
Os,36,448800
Os,37,447200
Os,38,445600
Os,39,443900
Os,40,442100
Os,41,440000
Os,42,438000
Os,43,435900
Os,44,433700
Os,45,431500
Os,46,429000
Os,47,426500
Os,48,423900
Os,49,419400
Os,50,415000
Os,51,410400
Os,52,405600
Os,53,400600
Os,54,395600
Os,55,390300
Os,56,384800
Os,57,379300
Os,58,373600
Os,59,367500
Os,60,361300
Os,61,354800
Os,62,348400
Os,63,341300
Os,64,334100
Os,65,326700
Os,66,319000
Os,67,302500
Os,68,285600
Os,69,268330
Os,70,250710
Os,71,231110
Os,72,211080
Os,73,190511.1
Os,74,169590.6
Os,75,85614.42
Ir,0,485000
Ir,1,485000
Ir,2,485000
Ir,3,484900
Ir,4,484900
Ir,5,484900
Ir,6,484800
Ir,7,484700
Ir,8,484700
Ir,9,484500
Ir,10,484300
Ir,11,484000
Ir,12,483800
Ir,13,483500
Ir,14,483300
Ir,15,482900
Ir,16,482500
Ir,17,482200
Ir,18,481700
Ir,19,481300
Ir,20,480700
Ir,21,480200
Ir,22,479600
Ir,23,479000
Ir,24,478200
Ir,25,477500
Ir,26,476600
Ir,27,475700
Ir,28,474700
Ir,29,473900
Ir,30,472800
Ir,31,471800
Ir,32,470400
Ir,33,469000
Ir,34,467500
Ir,35,466100
Ir,36,464600
Ir,37,463000
Ir,38,461200
Ir,39,459500
Ir,40,457700
Ir,41,455900
Ir,42,453800
Ir,43,451600
Ir,44,449400
Ir,45,447200
Ir,46,444700
Ir,47,442300
Ir,48,439500
Ir,49,436800
Ir,50,432300
Ir,51,427600
Ir,52,422800
Ir,53,417800
Ir,54,412700
Ir,55,407500
Ir,56,402100
Ir,57,396500
Ir,58,390700
Ir,59,384800
Ir,60,378500
Ir,61,372100
Ir,62,365500
Ir,63,358800
Ir,64,351500
Ir,65,344100
Ir,66,336400
Ir,67,328600
Ir,68,311400
Ir,69,294100
Ir,70,276300
Ir,71,258170
Ir,72,237960
Ir,73,217310
Ir,74,196112.6
Ir,75,174556.0
Ir,76,88113.6
Pt,0,500900
Pt,1,500900
Pt,2,500900
Pt,3,500900
Pt,4,500800
Pt,5,500800
Pt,6,500600
Pt,7,500500
Pt,8,500500
Pt,9,500400
Pt,10,500200
Pt,11,500000
Pt,12,499800
Pt,13,499400
Pt,14,499200
Pt,15,498800
Pt,16,498500
Pt,17,498000
Pt,18,497700
Pt,19,497200
Pt,20,496700
Pt,21,496100
Pt,22,495400
Pt,23,494800
Pt,24,494100
Pt,25,493300
Pt,26,492600
Pt,27,491700
Pt,28,490700
Pt,29,489700
Pt,30,488700
Pt,31,487600
Pt,32,486500
Pt,33,485200
Pt,34,483700
Pt,35,482200
Pt,36,480600
Pt,37,479000
Pt,38,477200
Pt,39,475500
Pt,40,473600
Pt,41,471800
Pt,42,469900
Pt,43,467700
Pt,44,465400
Pt,45,463200
Pt,46,460800
Pt,47,458200
Pt,48,455600
Pt,49,452900
Pt,50,450100
Pt,51,445400
Pt,52,440500
Pt,53,435600
Pt,54,430500
Pt,55,425100
Pt,56,419700
Pt,57,414100
Pt,58,408300
Pt,59,402300
Pt,60,396300
Pt,61,389700
Pt,62,383100
Pt,63,376300
Pt,64,369300
Pt,65,361800
Pt,66,354200
Pt,67,346200
Pt,68,338100
Pt,69,320600
Pt,70,302600
Pt,71,284400
Pt,72,265780
Pt,73,244940
Pt,74,223670
Pt,75,201820.7
Pt,76,179614.9
Pt,77,90659.84
Au,0,517100
Au,1,517100
Au,2,517100
Au,3,517100
Au,4,517000
Au,5,517000
Au,6,516900
Au,7,516900
Au,8,516800
Au,9,516600
Au,10,516400
Au,11,516300
Au,12,516000
Au,13,515800
Au,14,515400
Au,15,515200
Au,16,514800
Au,17,514400
Au,18,513900
Au,19,513400
Au,20,512900
Au,21,512400
Au,22,511800
Au,23,511200
Au,24,510400
Au,25,509700
Au,26,508800
Au,27,508000
Au,28,507100
Au,29,506100
Au,30,505000
Au,31,503900
Au,32,502800
Au,33,501500
Au,34,500000
Au,35,498500
Au,36,496900
Au,37,495300
Au,38,493600
Au,39,491800
Au,40,490000
Au,41,488100
Au,42,486100
Au,43,484200
Au,44,481900
Au,45,479600
Au,46,477200
Au,47,474700
Au,48,472100
Au,49,469400
Au,50,466600
Au,51,463600
Au,52,458600
Au,53,453700
Au,54,448500
Au,55,443200
Au,56,437800
Au,57,432200
Au,58,426300
Au,59,420300
Au,60,414100
Au,61,407900
Au,62,401100
Au,63,394300
Au,64,387300
Au,65,380100
Au,66,372400
Au,67,364500
Au,68,356300
Au,69,347900
Au,70,329900
Au,71,311400
Au,72,292700
Au,73,273500
Au,74,252060
Au,75,230140
Au,76,207638.6
Au,77,184770.4
Au,78,93254.62
Hg,0,533900
Hg,1,533800
Hg,2,533800
Hg,3,533800
Hg,4,533800
Hg,5,533600
Hg,6,533500
Hg,7,533500
Hg,8,533400
Hg,9,533300
Hg,10,533100
Hg,11,532900
Hg,12,532800
Hg,13,532400
Hg,14,532100
Hg,15,531800
Hg,16,531400
Hg,17,531000
Hg,18,530700
Hg,19,530200
Hg,20,529500
Hg,21,529000
Hg,22,528400
Hg,23,527800
Hg,24,527100
Hg,25,526300
Hg,26,525600
Hg,27,524600
Hg,28,523700
Hg,29,522700
Hg,30,521600
Hg,31,520600
Hg,32,519400
Hg,33,518100
Hg,34,516900
Hg,35,515400
Hg,36,513800
Hg,37,512100
Hg,38,510300
Hg,39,508600
Hg,40,506700
Hg,41,504900
Hg,42,502900
Hg,43,500800
Hg,44,498700
Hg,45,496300
Hg,46,494000
Hg,47,491500
Hg,48,488900
Hg,49,486100
Hg,50,483300
Hg,51,480300
Hg,52,477300
Hg,53,472300
Hg,54,467000
Hg,55,461700
Hg,56,456300
Hg,57,450600
Hg,58,444900
Hg,59,438800
Hg,60,432600
Hg,61,426300
Hg,62,419700
Hg,63,412700
Hg,64,405700
Hg,65,398500
Hg,66,391200
Hg,67,383100
Hg,68,374900
Hg,69,366500
Hg,70,357900
Hg,71,339300
Hg,72,320400
Hg,73,301200
Hg,74,281400
Hg,75,259310
Hg,76,236740
Hg,77,213567.0
Hg,78,190022.9
Hg,79,95898.19
Tl,0,550900
Tl,1,550900
Tl,2,550700
Tl,3,550700
Tl,4,550700
Tl,5,550600
Tl,6,550600
Tl,7,550500
Tl,8,550400
Tl,9,550200
Tl,10,550100
Tl,11,549900
Tl,12,549700
Tl,13,549500
Tl,14,549100
Tl,15,548900
Tl,16,548500
Tl,17,548000
Tl,18,547600
Tl,19,547100
Tl,20,546600
Tl,21,546000
Tl,22,545400
Tl,23,544800
Tl,24,544200
Tl,25,543300
Tl,26,542600
Tl,27,541700
Tl,28,540700
Tl,29,539700
Tl,30,538700
Tl,31,537600
Tl,32,536400
Tl,33,535100
Tl,34,533900
Tl,35,532500
Tl,36,530900
Tl,37,529200
Tl,38,527400
Tl,39,525700
Tl,40,523800
Tl,41,521800
Tl,42,519900
Tl,43,517800
Tl,44,515700
Tl,45,513400
Tl,46,511100
Tl,47,508500
Tl,48,506000
Tl,49,503300
Tl,50,500400
Tl,51,497500
Tl,52,494400
Tl,53,491200
Tl,54,486000
Tl,55,480700
Tl,56,475100
Tl,57,469500
Tl,58,463700
Tl,59,457600
Tl,60,451400
Tl,61,445000
Tl,62,438500
Tl,63,431700
Tl,64,424600
Tl,65,417300
Tl,66,409900
Tl,67,402300
Tl,68,394100
Tl,69,385700
Tl,70,376900
Tl,71,368100
Tl,72,349000
Tl,73,329500
Tl,74,309700
Tl,75,289500
Tl,76,266710
Tl,77,243460
Tl,78,219609.4
Tl,79,195375.3
Tl,80,98592.12
Pb,0,568200
Pb,1,568100
Pb,2,568100
Pb,3,568100
Pb,4,568100
Pb,5,568000
Pb,6,568000
Pb,7,567800
Pb,8,567700
Pb,9,567600
Pb,10,567400
Pb,11,567200
Pb,12,567000
Pb,13,566700
Pb,14,566500
Pb,15,566200
Pb,16,565900
Pb,17,565500
Pb,18,565000
Pb,19,564500
Pb,20,564000
Pb,21,563500
Pb,22,562900
Pb,23,562100
Pb,24,561500
Pb,25,560800
Pb,26,559900
Pb,27,559000
Pb,28,558200
Pb,29,557200
Pb,30,556100
Pb,31,555000
Pb,32,553700
Pb,33,552500
Pb,34,551200
Pb,35,549900
Pb,36,548400
Pb,37,546800
Pb,38,545000
Pb,39,543200
Pb,40,541300
Pb,41,539300
Pb,42,537300
Pb,43,535200
Pb,44,533000
Pb,45,530800
Pb,46,528500
Pb,47,525900
Pb,48,523300
Pb,49,520700
Pb,50,518000
Pb,51,515000
Pb,52,511900
Pb,53,508800
Pb,54,505500
Pb,55,500000
Pb,56,494600
Pb,57,488900
Pb,58,482900
Pb,59,477000
Pb,60,470800
Pb,61,464300
Pb,62,457700
Pb,63,450900
Pb,64,444100
Pb,65,436700
Pb,66,429200
Pb,67,421500
Pb,68,413700
Pb,69,405200
Pb,70,396500
Pb,71,387600
Pb,72,378400
Pb,73,358800
Pb,74,338800
Pb,75,318500
Pb,76,297700
Pb,77,274250
Pb,78,250310
Pb,79,225766.7
Pb,80,200828.5
Pb,81,101336.7
Bi,0,585800
Bi,1,585800
Bi,2,585800
Bi,3,585800
Bi,4,585700
Bi,5,585700
Bi,6,585600
Bi,7,585600
Bi,8,585500
Bi,9,585200
Bi,10,585100
Bi,11,585000
Bi,12,584700
Bi,13,584500
Bi,14,584200
Bi,15,584000
Bi,16,583600
Bi,17,583200
Bi,18,582700
Bi,19,582200
Bi,20,581700
Bi,21,581200
Bi,22,580600
Bi,23,579900
Bi,24,579300
Bi,25,578500
Bi,26,577600
Bi,27,576800
Bi,28,575900
Bi,29,574900
Bi,30,573800
Bi,31,572700
Bi,32,571600
Bi,33,570300
Bi,34,569000
Bi,35,567600
Bi,36,566100
Bi,37,564600
Bi,38,562900
Bi,39,561000
Bi,40,559200
Bi,41,557200
Bi,42,555100
Bi,43,553100
Bi,44,550900
Bi,45,548600
Bi,46,546300
Bi,47,543900
Bi,48,541200
Bi,49,538600
Bi,50,535700
Bi,51,532900
Bi,52,529900
Bi,53,526700
Bi,54,523300
Bi,55,520000
Bi,56,514400
Bi,57,508600
Bi,58,502800
Bi,59,496700
Bi,60,490500
Bi,61,484200
Bi,62,477500
Bi,63,470600
Bi,64,463700
Bi,65,456500
Bi,66,448900
Bi,67,441300
Bi,68,433400
Bi,69,425400
Bi,70,416600
Bi,71,407700
Bi,72,398400
Bi,73,388900
Bi,74,368900
Bi,75,348300
Bi,76,327400
Bi,77,306100
Bi,78,281900
Bi,79,257300
Bi,80,232042.1
Bi,81,206385.2
Bi,82,104133.4
Po,0,603900
Po,1,603900
Po,2,603900
Po,3,603800
Po,4,603800
Po,5,603800
Po,6,603700
Po,7,603600
Po,8,603400
Po,9,603300
Po,10,603200
Po,11,602900
Po,12,602700
Po,13,602600
Po,14,602300
Po,15,601900
Po,16,601700
Po,17,601200
Po,18,600800
Po,19,600300
Po,20,599800
Po,21,599200
Po,22,598700
Po,23,598000
Po,24,597400
Po,25,596600
Po,26,595700
Po,27,594900
Po,28,594000
Po,29,593000
Po,30,591900
Po,31,590800
Po,32,589700
Po,33,588400
Po,34,587100
Po,35,585700
Po,36,584200
Po,37,582700
Po,38,581100
Po,39,579300
Po,40,577400
Po,41,575400
Po,42,573300
Po,43,571200
Po,44,569100
Po,45,566700
Po,46,564400
Po,47,562000
Po,48,559500
Po,49,556800
Po,50,554000
Po,51,551100
Po,52,548100
Po,53,545000
Po,54,541700
Po,55,538200
Po,56,534700
Po,57,528900
Po,58,523000
Po,59,516900
Po,60,510700
Po,61,504200
Po,62,497700
Po,63,490900
Po,64,483900
Po,65,476700
Po,66,469300
Po,67,461500
Po,68,453500
Po,69,445500
Po,70,437200
Po,71,428100
Po,72,418900
Po,73,409400
Po,74,399700
Po,75,379000
Po,76,357900
Po,77,336500
Po,78,314700
Po,79,289800
Po,80,264420
Po,81,238438.1
Po,82,212047.7
Po,83,106983.4
At,0,622300
At,1,622300
At,2,622300
At,3,622300
At,4,622200
At,5,622200
At,6,622000
At,7,622000
At,8,621900
At,9,621700
At,10,621500
At,11,621400
At,12,621200
At,13,620900
At,14,620700
At,15,620400
At,16,620000
At,17,619700
At,18,619300
At,19,618800
At,20,618300
At,21,617700
At,22,617100
At,23,616400
At,24,615800
At,25,615100
At,26,614200
At,27,613300
At,28,612500
At,29,611500
At,30,610400
At,31,609300
At,32,608100
At,33,606900
At,34,605500
At,35,604200
At,36,602700
At,37,601200
At,38,599600
At,39,598000
At,40,596000
At,41,594000
At,42,591900
At,43,589800
At,44,587600
At,45,585300
At,46,583000
At,47,580500
At,48,578000
At,49,575400
At,50,572600
At,51,569700
At,52,566700
At,53,563600
At,54,560400
At,55,556900
At,56,553300
At,57,549700
At,58,543800
At,59,537600
At,60,531400
At,61,524900
At,62,518400
At,63,511600
At,64,504500
At,65,497300
At,66,489900
At,67,482300
At,68,474200
At,69,466100
At,70,457700
At,71,449300
At,72,439900
At,73,430500
At,74,420600
At,75,410600
At,76,389400
At,77,367900
At,78,345800
At,79,323400
At,80,297800
At,81,271690
At,82,244956.2
At,83,217817.2
At,84,109887.2
Rn,0,641000
Rn,1,641000
Rn,2,641000
Rn,3,641000
Rn,4,641000
Rn,5,640900
Rn,6,640900
Rn,7,640800
Rn,8,640600
Rn,9,640500
Rn,10,640300
Rn,11,640100
Rn,12,639900
Rn,13,639600
Rn,14,639400
Rn,15,639100
Rn,16,638800
Rn,17,638400
Rn,18,638000
Rn,19,637700
Rn,20,637000
Rn,21,636500
Rn,22,635900
Rn,23,635300
Rn,24,634700
Rn,25,633800
Rn,26,633100
Rn,27,632200
Rn,28,631300
Rn,29,630300
Rn,30,629200
Rn,31,628100
Rn,32,627000
Rn,33,625700
Rn,34,624400
Rn,35,623000
Rn,36,621500
Rn,37,620000
Rn,38,618400
Rn,39,616800
Rn,40,615100
Rn,41,613000
Rn,42,611000
Rn,43,608800
Rn,44,606500
Rn,45,604300
Rn,46,601900
Rn,47,599500
Rn,48,596900
Rn,49,594300
Rn,50,591700
Rn,51,588700
Rn,52,585700
Rn,53,582600
Rn,54,579500
Rn,55,576000
Rn,56,572600
Rn,57,568800
Rn,58,565000
Rn,59,558800
Rn,60,552500
Rn,61,546000
Rn,62,539500
Rn,63,532600
Rn,64,525700
Rn,65,518400
Rn,66,510900
Rn,67,503300
Rn,68,495400
Rn,69,487300
Rn,70,478800
Rn,71,470300
Rn,72,461600
Rn,73,451900
Rn,74,442100
Rn,75,432100
Rn,76,421800
Rn,77,400000
Rn,78,377800
Rn,79,355200
Rn,80,332300
Rn,81,305900
Rn,82,279080
Rn,83,251591.7
Rn,84,223688.6
Rn,85,112842.2
Fr,0,660200
Fr,1,660200
Fr,2,660200
Fr,3,660200
Fr,4,660100
Fr,5,660100
Fr,6,660000
Fr,7,660000
Fr,8,659800
Fr,9,659700
Fr,10,659500
Fr,11,659300
Fr,12,659100
Fr,13,658900
Fr,14,658600
Fr,15,658200
Fr,16,658000
Fr,17,657600
Fr,18,657200
Fr,19,656900
Fr,20,656400
Fr,21,655800
Fr,22,655100
Fr,23,654500
Fr,24,653900
Fr,25,653100
Fr,26,652300
Fr,27,651400
Fr,28,650500
Fr,29,649600
Fr,30,648600
Fr,31,647400
Fr,32,646200
Fr,33,645000
Fr,34,643700
Fr,35,642200
Fr,36,640900
Fr,37,639300
Fr,38,637700
Fr,39,636000
Fr,40,634300
Fr,41,632400
Fr,42,630300
Fr,43,628200
Fr,44,626000
Fr,45,623600
Fr,46,621300
Fr,47,618800
Fr,48,616200
Fr,49,613600
Fr,50,610900
Fr,51,608100
Fr,52,605000
Fr,53,601900
Fr,54,598700
Fr,55,595500
Fr,56,591900
Fr,57,588300
Fr,58,584500
Fr,59,580600
Fr,60,574200
Fr,61,567700
Fr,62,561000
Fr,63,554200
Fr,64,547100
Fr,65,540000
Fr,66,532500
Fr,67,524800
Fr,68,517000
Fr,69,509000
Fr,70,500400
Fr,71,491800
Fr,72,483000
Fr,73,474000
Fr,74,464200
Fr,75,454000
Fr,76,443600
Fr,77,433100
Fr,78,410800
Fr,79,388100
Fr,80,364900
Fr,81,341300
Fr,82,314200
Fr,83,286630
Fr,84,258362.7
Fr,85,229679.5
Fr,86,115857.5
Ra,0,680000
Ra,1,680000
Ra,2,680000
Ra,3,680000
Ra,4,680000
Ra,5,680000
Ra,6,680000
Ra,7,679000
Ra,8,679000
Ra,9,679000
Ra,10,679000
Ra,11,679000
Ra,12,679000
Ra,13,678000
Ra,14,678000
Ra,15,678000
Ra,16,677000
Ra,17,677000
Ra,18,677000
Ra,19,676000
Ra,20,676000
Ra,21,675300
Ra,22,674700
Ra,23,674100
Ra,24,673500
Ra,25,672700
Ra,26,672000
Ra,27,671100
Ra,28,670100
Ra,29,669300
Ra,30,668200
Ra,31,667000
Ra,32,665900
Ra,33,664700
Ra,34,663300
Ra,35,662000
Ra,36,660500
Ra,37,659000
Ra,38,657400
Ra,39,655600
Ra,40,653900
Ra,41,652200
Ra,42,650200
Ra,43,648100
Ra,44,645700
Ra,45,643400
Ra,46,641000
Ra,47,638500
Ra,48,635900
Ra,49,633300
Ra,50,630600
Ra,51,627700
Ra,52,624900
Ra,53,621800
Ra,54,618600
Ra,55,615200
Ra,56,611900
Ra,57,608100
Ra,58,604400
Ra,59,600500
Ra,60,596400
Ra,61,589800
Ra,62,583100
Ra,63,576300
Ra,64,569200
Ra,65,562000
Ra,66,554600
Ra,67,546900
Ra,68,539000
Ra,69,530900
Ra,70,522600
Ra,71,513900
Ra,72,505000
Ra,73,495900
Ra,74,486800
Ra,75,476600
Ra,76,466200
Ra,77,455500
Ra,78,444600
Ra,79,421700
Ra,80,398400
Ra,81,374700
Ra,82,350500
Ra,83,322700
Ra,84,294310
Ra,85,265262.8
Ra,86,235783.0
Ra,87,118929.5
Ac,0,700000
Ac,1,700000
Ac,2,700000
Ac,3,700000
Ac,4,700000
Ac,5,700000
Ac,6,699000
Ac,7,699000
Ac,8,699000
Ac,9,699000
Ac,10,699000
Ac,11,699000
Ac,12,699000
Ac,13,698000
Ac,14,698000
Ac,15,698000
Ac,16,697000
Ac,17,697000
Ac,18,697000
Ac,19,696000
Ac,20,696000
Ac,21,695000
Ac,22,695000
Ac,23,694000
Ac,24,693000
Ac,25,693000
Ac,26,692000
Ac,27,691000
Ac,28,690000
Ac,29,689000
Ac,30,688000
Ac,31,687000
Ac,32,686000
Ac,33,685000
Ac,34,683400
Ac,35,682000
Ac,36,680500
Ac,37,679100
Ac,38,677400
Ac,39,675700
Ac,40,674000
Ac,41,672100
Ac,42,670300
Ac,43,668300
Ac,44,666000
Ac,45,663600
Ac,46,661200
Ac,47,658700
Ac,48,656100
Ac,49,653500
Ac,50,650700
Ac,51,647900
Ac,52,645000
Ac,53,642000
Ac,54,638800
Ac,55,635400
Ac,56,631900
Ac,57,628500
Ac,58,624800
Ac,59,620800
Ac,60,616700
Ac,61,612500
Ac,62,605800
Ac,63,598800
Ac,64,591800
Ac,65,584500
Ac,66,577000
Ac,67,569500
Ac,68,561500
Ac,69,553300
Ac,70,545000
Ac,71,536600
Ac,72,527700
Ac,73,518500
Ac,74,509200
Ac,75,499800
Ac,76,489200
Ac,77,478600
Ac,78,467500
Ac,79,456400
Ac,80,433000
Ac,81,409000
Ac,82,384700
Ac,83,359900
Ac,84,331300
Ac,85,302160
Ac,86,272301.9
Ac,87,242008.8
Ac,88,122063.1
Th,0,720000
Th,1,720000
Th,2,720000
Th,3,720000
Th,4,720000
Th,5,720000
Th,6,720000
Th,7,720000
Th,8,719000
Th,9,719000
Th,10,719000
Th,11,719000
Th,12,719000
Th,13,719000
Th,14,718000
Th,15,718000
Th,16,718000
Th,17,717000
Th,18,717000
Th,19,717000
Th,20,716000
Th,21,716000
Th,22,715000
Th,23,715000
Th,24,714000
Th,25,713000
Th,26,712000
Th,27,711000
Th,28,711000
Th,29,710000
Th,30,709000
Th,31,708000
Th,32,706000
Th,33,705000
Th,34,704000
Th,35,702000
Th,36,701000
Th,37,700000
Th,38,698000
Th,39,696000
Th,40,694000
Th,41,693000
Th,42,691000
Th,43,689000
Th,44,687000
Th,45,684000
Th,46,682000
Th,47,679000
Th,48,677000
Th,49,674000
Th,50,671000
Th,51,668000
Th,52,665000
Th,53,662000
Th,54,659000
Th,55,656000
Th,56,653000
Th,57,649000
Th,58,645000
Th,59,641000
Th,60,638000
Th,61,633000
Th,62,629000
Th,63,621900
Th,64,614800
Th,65,607500
Th,66,600100
Th,67,592400
Th,68,584600
Th,69,576400
Th,70,568100
Th,71,559500
Th,72,550700
Th,73,541600
Th,74,532300
Th,75,522700
Th,76,512900
Th,77,502100
Th,78,491200
Th,79,479800
Th,80,468400
Th,81,444200
Th,82,419800
Th,83,394900
Th,84,369500
Th,85,340100
Th,86,310150
Th,87,279464.1
Th,88,248341.3
Th,89,125250.3
Pa,0,740000
Pa,1,740000
Pa,2,740000
Pa,3,740000
Pa,4,740000
Pa,5,740000
Pa,6,740000
Pa,7,740000
Pa,8,740000
Pa,9,740000
Pa,10,740000
Pa,11,740000
Pa,12,739000
Pa,13,739000
Pa,14,739000
Pa,15,739000
Pa,16,739000
Pa,17,738000
Pa,18,738000
Pa,19,738000
Pa,20,736000
Pa,21,736000
Pa,22,735000
Pa,23,735000
Pa,24,734000
Pa,25,734000
Pa,26,733000
Pa,27,733000
Pa,28,732000
Pa,29,730000
Pa,30,729000
Pa,31,728000
Pa,32,727000
Pa,33,726000
Pa,34,725000
Pa,35,723000
Pa,36,722000
Pa,37,720000
Pa,38,719000
Pa,39,717000
Pa,40,715000
Pa,41,713000
Pa,42,712000
Pa,43,710000
Pa,44,707000
Pa,45,705000
Pa,46,703000
Pa,47,700000
Pa,48,698000
Pa,49,695000
Pa,50,692000
Pa,51,689000
Pa,52,687000
Pa,53,683000
Pa,54,680000
Pa,55,677000
Pa,56,674000
Pa,57,670000
Pa,58,666000
Pa,59,663000
Pa,60,659000
Pa,61,655000
Pa,62,650000
Pa,63,646000
Pa,64,639000
Pa,65,631000
Pa,66,624000
Pa,67,616000
Pa,68,608000
Pa,69,600000
Pa,70,592000
Pa,71,583000
Pa,72,574200
Pa,73,565200
Pa,74,555800
Pa,75,546200
Pa,76,536400
Pa,77,526400
Pa,78,515400
Pa,79,504100
Pa,80,492500
Pa,81,480600
Pa,82,455900
Pa,83,430800
Pa,84,405300
Pa,85,379300
Pa,86,349100
Pa,87,318300
Pa,88,286784
Pa,89,254812
Pa,90,128507
U,0,761000
U,1,761000
U,2,761000
U,3,761000
U,4,761000
U,5,761000
U,6,761000
U,7,761000
U,8,761000
U,9,761000
U,10,761000
U,11,761000
U,12,760000
U,13,760000
U,14,760000
U,15,760000
U,16,760000
U,17,759000
U,18,759000
U,19,759000
U,20,758000
U,21,758000
U,22,756000
U,23,756000
U,24,755000
U,25,755000
U,26,754000
U,27,754000
U,28,753000
U,29,751000
U,30,750000
U,31,750000
U,32,749000
U,33,748000
U,34,746000
U,35,745000
U,36,743000
U,37,741000
U,38,740000
U,39,738000
U,40,736000
U,41,735000
U,42,733000
U,43,730000
U,44,729000
U,45,727000
U,46,724000
U,47,722000
U,48,719000
U,49,717000
U,50,714000
U,51,710000
U,52,708000
U,53,704000
U,54,702000
U,55,698000
U,56,695000
U,57,691000
U,58,688000
U,59,684000
U,60,680000
U,61,676000
U,62,672000
U,63,667000
U,64,663000
U,65,655000
U,66,648000
U,67,640000
U,68,632000
U,69,624000
U,70,616000
U,71,607000
U,72,598000
U,73,589000
U,74,580000
U,75,570300
U,76,560400
U,77,550400
U,78,540200
U,79,528800
U,80,517100
U,81,505100
U,82,493000
U,83,467700
U,84,442000
U,85,415800
U,86,389300
U,87,358200
U,88,326600
U,89,294222.6
U,90,261386.1
U,91,131816.2
Np,0,784000
Np,1,784000
Np,2,782000
Np,3,782000
Np,4,782000
Np,5,782000
Np,6,782000
Np,7,782000
Np,8,782000
Np,9,782000
Np,10,782000
Np,11,782000
Np,12,782000
Np,13,782000
Np,14,781000
Np,15,781000
Np,16,781000
Np,17,781000
Np,18,780000
Np,19,780000
Np,20,780000
Np,21,779000
Np,22,779000
Np,23,777000
Np,24,777000
Np,25,776000
Np,26,776000
Np,27,775000
Np,28,774000
Np,29,774000
Np,30,772000
Np,31,771000
Np,32,770000
Np,33,769000
Np,34,767000
Np,35,766000
Np,36,765000
Np,37,764000
Np,38,761000
Np,39,760000
Np,40,759000
Np,41,756000
Np,42,755000
Np,43,753000
Np,44,750000
Np,45,749000
Np,46,746000
Np,47,744000
Np,48,741000
Np,49,739000
Np,50,735000
Np,51,733000
Np,52,730000
Np,53,727000
Np,54,724000
Np,55,720000
Np,56,717000
Np,57,713000
Np,58,709000
Np,59,705000
Np,60,702000
Np,61,698000
Np,62,694000
Np,63,689000
Np,64,684000
Np,65,679000
Np,66,672000
Np,67,665000
Np,68,657000
Np,69,648000
Np,70,640000
Np,71,632000
Np,72,623000
Np,73,614000
Np,74,604000
Np,75,595000
Np,76,585000
Np,77,574900
Np,78,564600
Np,79,554100
Np,80,542400
Np,81,530500
Np,82,518100
Np,83,505600
Np,84,479800
Np,85,453500
Np,86,426800
Np,87,399500
Np,88,367600
Np,89,335100
Np,90,301836
Np,91,268113
Np,92,135202
Pu,0,805000
Pu,1,805000
Pu,2,805000
Pu,3,805000
Pu,4,805000
Pu,5,805000
Pu,6,805000
Pu,7,805000
Pu,8,805000
Pu,9,805000
Pu,10,805000
Pu,11,803000
Pu,12,803000
Pu,13,803000
Pu,14,803000
Pu,15,803000
Pu,16,803000
Pu,17,802000
Pu,18,802000
Pu,19,802000
Pu,20,801000
Pu,21,801000
Pu,22,800000
Pu,23,800000
Pu,24,798000
Pu,25,798000
Pu,26,797000
Pu,27,797000
Pu,28,796000
Pu,29,795000
Pu,30,793000
Pu,31,793000
Pu,32,792000
Pu,33,791000
Pu,34,790000
Pu,35,789000
Pu,36,787000
Pu,37,785000
Pu,38,784000
Pu,39,782000
Pu,40,780000
Pu,41,779000
Pu,42,776000
Pu,43,775000
Pu,44,772000
Pu,45,770000
Pu,46,769000
Pu,47,766000
Pu,48,764000
Pu,49,761000
Pu,50,758000
Pu,51,755000
Pu,52,753000
Pu,53,749000
Pu,54,745000
Pu,55,743000
Pu,56,739000
Pu,57,735000
Pu,58,733000
Pu,59,728000
Pu,60,724000
Pu,61,720000
Pu,62,717000
Pu,63,712000
Pu,64,707000
Pu,65,703000
Pu,66,698000
Pu,67,689000
Pu,68,682000
Pu,69,673000
Pu,70,666000
Pu,71,657000
Pu,72,648000
Pu,73,639000
Pu,74,630000
Pu,75,620000
Pu,76,610000
Pu,77,600000
Pu,78,590000
Pu,79,579000
Pu,80,568300
Pu,81,556300
Pu,82,544000
Pu,83,531400
Pu,84,518500
Pu,85,492100
Pu,86,465200
Pu,87,437800
Pu,88,409900
Pu,89,377200
Pu,90,343700
Pu,91,309571
Pu,92,274945
Pu,93,138640.2
Am,0,827000
Am,1,827000
Am,2,827000
Am,3,827000
Am,4,827000
Am,5,827000
Am,6,827000
Am,7,827000
Am,8,827000
Am,9,827000
Am,10,827000
Am,11,826000
Am,12,826000
Am,13,826000
Am,14,826000
Am,15,826000
Am,16,826000
Am,17,824000
Am,18,824000
Am,19,824000
Am,20,823000
Am,21,823000
Am,22,822000
Am,23,822000
Am,24,821000
Am,25,821000
Am,26,820000
Am,27,820000
Am,28,818000
Am,29,817000
Am,30,817000
Am,31,816000
Am,32,815000
Am,33,813000
Am,34,812000
Am,35,811000
Am,36,810000
Am,37,808000
Am,38,806000
Am,39,805000
Am,40,803000
Am,41,801000
Am,42,800000
Am,43,797000
Am,44,795000
Am,45,793000
Am,46,791000
Am,47,789000
Am,48,786000
Am,49,784000
Am,50,781000
Am,51,777000
Am,52,775000
Am,53,771000
Am,54,769000
Am,55,765000
Am,56,761000
Am,57,759000
Am,58,755000
Am,59,751000
Am,60,748000
Am,61,743000
Am,62,739000
Am,63,735000
Am,64,730000
Am,65,725000
Am,66,720000
Am,67,715000
Am,68,708000
Am,69,699000
Am,70,691000
Am,71,682000
Am,72,673000
Am,73,665000
Am,74,655000
Am,75,646000
Am,76,636000
Am,77,626000
Am,78,615000
Am,79,605000
Am,80,594000
Am,81,583000
Am,82,570500
Am,83,557900
Am,84,544900
Am,85,531600
Am,86,504600
Am,87,477000
Am,88,448900
Am,89,420600
Am,90,386800
Am,91,352500
Am,92,317472.3
Am,93,281923.0
Am,94,142153.5
Cm,0,851000
Cm,1,851000
Cm,2,851000
Cm,3,849000
Cm,4,849000
Cm,5,849000
Cm,6,849000
Cm,7,849000
Cm,8,849000
Cm,9,849000
Cm,10,849000
Cm,11,849000
Cm,12,849000
Cm,13,849000
Cm,14,848000
Cm,15,848000
Cm,16,848000
Cm,17,848000
Cm,18,847000
Cm,19,847000
Cm,20,847000
Cm,21,846000
Cm,22,846000
Cm,23,844000
Cm,24,844000
Cm,25,843000
Cm,26,843000
Cm,27,842000
Cm,28,842000
Cm,29,841000
Cm,30,839000
Cm,31,838000
Cm,32,837000
Cm,33,836000
Cm,34,836000
Cm,35,833000
Cm,36,832000
Cm,37,831000
Cm,38,829000
Cm,39,828000
Cm,40,826000
Cm,41,824000
Cm,42,822000
Cm,43,821000
Cm,44,818000
Cm,45,816000
Cm,46,813000
Cm,47,812000
Cm,48,810000
Cm,49,807000
Cm,50,805000
Cm,51,801000
Cm,52,798000
Cm,53,795000
Cm,54,792000
Cm,55,789000
Cm,56,785000
Cm,57,781000
Cm,58,777000
Cm,59,774000
Cm,60,770000
Cm,61,766000
Cm,62,763000
Cm,63,758000
Cm,64,754000
Cm,65,749000
Cm,66,744000
Cm,67,739000
Cm,68,734000
Cm,69,725000
Cm,70,717000
Cm,71,708000
Cm,72,699000
Cm,73,691000
Cm,74,682000
Cm,75,672000
Cm,76,662000
Cm,77,652000
Cm,78,642000
Cm,79,631000
Cm,80,620000
Cm,81,609000
Cm,82,598000
Cm,83,585000
Cm,84,571900
Cm,85,558700
Cm,86,545000
Cm,87,517400
Cm,88,489100
Cm,89,460500
Cm,90,431300
Cm,91,396700
Cm,92,361500
Cm,93,325544
Cm,94,289051
Cm,95,145740.1
Bk,0,873000
Bk,1,873000
Bk,2,873000
Bk,3,873000
Bk,4,873000
Bk,5,873000
Bk,6,873000
Bk,7,873000
Bk,8,873000
Bk,9,873000
Bk,10,873000
Bk,11,873000
Bk,12,872000
Bk,13,872000
Bk,14,872000
Bk,15,872000
Bk,16,872000
Bk,17,870000
Bk,18,870000
Bk,19,870000
Bk,20,869000
Bk,21,869000
Bk,22,868000
Bk,23,868000
Bk,24,868000
Bk,25,867000
Bk,26,865000
Bk,27,865000
Bk,28,864000
Bk,29,864000
Bk,30,863000
Bk,31,862000
Bk,32,860000
Bk,33,859000
Bk,34,858000
Bk,35,857000
Bk,36,855000
Bk,37,854000
Bk,38,853000
Bk,39,852000
Bk,40,849000
Bk,41,848000
Bk,42,846000
Bk,43,844000
Bk,44,842000
Bk,45,839000
Bk,46,837000
Bk,47,834000
Bk,48,833000
Bk,49,831000
Bk,50,827000
Bk,51,824000
Bk,52,822000
Bk,53,818000
Bk,54,816000
Bk,55,812000
Bk,56,808000
Bk,57,805000
Bk,58,802000
Bk,59,798000
Bk,60,793000
Bk,61,790000
Bk,62,786000
Bk,63,782000
Bk,64,777000
Bk,65,772000
Bk,66,767000
Bk,67,763000
Bk,68,758000
Bk,69,753000
Bk,70,744000
Bk,71,735000
Bk,72,727000
Bk,73,717000
Bk,74,708000
Bk,75,698000
Bk,76,688000
Bk,77,678000
Bk,78,668000
Bk,79,658000
Bk,80,647000
Bk,81,636000
Bk,82,625000
Bk,83,613000
Bk,84,600000
Bk,85,586000
Bk,86,572700
Bk,87,558700
Bk,88,530400
Bk,89,501500
Bk,90,472100
Bk,91,442400
Bk,92,406900
Bk,93,370700
Bk,94,333773
Bk,95,296315
Bk,96,149398
Cf,0,896000
Cf,1,896000
Cf,2,896000
Cf,3,896000
Cf,4,896000
Cf,5,896000
Cf,6,896000
Cf,7,896000
Cf,8,896000
Cf,9,896000
Cf,10,896000
Cf,11,896000
Cf,12,895000
Cf,13,895000
Cf,14,895000
Cf,15,895000
Cf,16,895000
Cf,17,894000
Cf,18,894000
Cf,19,894000
Cf,20,893000
Cf,21,893000
Cf,22,893000
Cf,23,891000
Cf,24,891000
Cf,25,890000
Cf,26,889000
Cf,27,889000
Cf,28,888000
Cf,29,888000
Cf,30,886000
Cf,31,885000
Cf,32,884000
Cf,33,883000
Cf,34,882000
Cf,35,880000
Cf,36,879000
Cf,37,878000
Cf,38,877000
Cf,39,875000
Cf,40,873000
Cf,41,872000
Cf,42,869000
Cf,43,868000
Cf,44,865000
Cf,45,863000
Cf,46,862000
Cf,47,859000
Cf,48,857000
Cf,49,854000
Cf,50,852000
Cf,51,849000
Cf,52,846000
Cf,53,843000
Cf,54,839000
Cf,55,837000
Cf,56,833000
Cf,57,829000
Cf,58,826000
Cf,59,822000
Cf,60,818000
Cf,61,815000
Cf,62,811000
Cf,63,806000
Cf,64,801000
Cf,65,797000
Cf,66,792000
Cf,67,787000
Cf,68,782000
Cf,69,777000
Cf,70,771000
Cf,71,763000
Cf,72,754000
Cf,73,744000
Cf,74,735000
Cf,75,725000
Cf,76,717000
Cf,77,705000
Cf,78,696000
Cf,79,686000
Cf,80,674000
Cf,81,663000
Cf,82,652000
Cf,83,640000
Cf,84,629000
Cf,85,615000
Cf,86,601000
Cf,87,586900
Cf,88,572700
Cf,89,543500
Cf,90,514200
Cf,91,484200
Cf,92,453700
Cf,93,417200
Cf,94,380100
Cf,95,342160
Cf,96,303717
Cf,97,153124
Es,0,921000
Es,1,921000
Es,2,921000
Es,3,921000
Es,4,921000
Es,5,921000
Es,6,921000
Es,7,920000
Es,8,920000
Es,9,920000
Es,10,920000
Es,11,920000
Es,12,920000
Es,13,920000
Es,14,919000
Es,15,919000
Es,16,919000
Es,17,919000
Es,18,917000
Es,19,917000
Es,20,917000
Es,21,916000
Es,22,916000
Es,23,916000
Es,24,915000
Es,25,914000
Es,26,914000
Es,27,913000
Es,28,913000
Es,29,911000
Es,30,910000
Es,31,910000
Es,32,909000
Es,33,908000
Es,34,906000
Es,35,905000
Es,36,904000
Es,37,903000
Es,38,901000
Es,39,899000
Es,40,898000
Es,41,896000
Es,42,894000
Es,43,893000
Es,44,890000
Es,45,888000
Es,46,885000
Es,47,884000
Es,48,882000
Es,49,879000
Es,50,875000
Es,51,873000
Es,52,870000
Es,53,868000
Es,54,864000
Es,55,860000
Es,56,858000
Es,57,854000
Es,58,851000
Es,59,847000
Es,60,843000
Es,61,839000
Es,62,834000
Es,63,831000
Es,64,826000
Es,65,822000
Es,66,817000
Es,67,812000
Es,68,807000
Es,69,802000
Es,70,796000
Es,71,791000
Es,72,781000
Es,73,772000
Es,74,763000
Es,75,754000
Es,76,744000
Es,77,734000
Es,78,724000
Es,79,713000
Es,80,702000
Es,81,691000
Es,82,679000
Es,83,668000
Es,84,656000
Es,85,643000
Es,86,630000
Es,87,616000
Es,88,601000
Es,89,586800
Es,90,557100
Es,91,526900
Es,92,496300
Es,93,465200
Es,94,427700
Es,95,389700
Es,96,350722
Es,97,311271
Es,98,156927
Fm,0,946000
Fm,1,946000
Fm,2,946000
Fm,3,946000
Fm,4,946000
Fm,5,945000
Fm,6,945000
Fm,7,945000
Fm,8,945000
Fm,9,945000
Fm,10,945000
Fm,11,945000
Fm,12,945000
Fm,13,944000
Fm,14,944000
Fm,15,944000
Fm,16,944000
Fm,17,944000
Fm,18,942000
Fm,19,942000
Fm,20,942000
Fm,21,941000
Fm,22,941000
Fm,23,940000
Fm,24,940000
Fm,25,939000
Fm,26,939000
Fm,27,937000
Fm,28,937000
Fm,29,936000
Fm,30,935000
Fm,31,934000
Fm,32,934000
Fm,33,932000
Fm,34,931000
Fm,35,930000
Fm,36,929000
Fm,37,927000
Fm,38,926000
Fm,39,924000
Fm,40,922000
Fm,41,921000
Fm,42,919000
Fm,43,917000
Fm,44,915000
Fm,45,913000
Fm,46,910000
Fm,47,909000
Fm,48,906000
Fm,49,904000
Fm,50,901000
Fm,51,898000
Fm,52,895000
Fm,53,893000
Fm,54,890000
Fm,55,886000
Fm,56,883000
Fm,57,879000
Fm,58,875000
Fm,59,872000
Fm,60,868000
Fm,61,864000
Fm,62,860000
Fm,63,855000
Fm,64,852000
Fm,65,847000
Fm,66,842000
Fm,67,838000
Fm,68,833000
Fm,69,827000
Fm,70,822000
Fm,71,816000
Fm,72,810000
Fm,73,801000
Fm,74,791000
Fm,75,782000
Fm,76,772000
Fm,77,763000
Fm,78,753000
Fm,79,741000
Fm,80,730000
Fm,81,719000
Fm,82,708000
Fm,83,697000
Fm,84,684000
Fm,85,672000
Fm,86,660000
Fm,87,646000
Fm,88,631000
Fm,89,616000
Fm,90,601200
Fm,91,570900
Fm,92,540100
Fm,93,508700
Fm,94,477000
Fm,95,438500
Fm,96,399400
Fm,97,359461
Fm,98,318979
Fm,99,160808
Md,0,971000
Md,1,971000
Md,2,971000
Md,3,971000
Md,4,971000
Md,5,971000
Md,6,971000
Md,7,971000
Md,8,970000
Md,9,970000
Md,10,970000
Md,11,970000
Md,12,970000
Md,13,970000
Md,14,970000
Md,15,968000
Md,16,968000
Md,17,968000
Md,18,967000
Md,19,967000
Md,20,967000
Md,21,966000
Md,22,966000
Md,23,966000
Md,24,965000
Md,25,965000
Md,26,963000
Md,27,962000
Md,28,962000
Md,29,961000
Md,30,960000
Md,31,960000
Md,32,958000
Md,33,957000
Md,34,956000
Md,35,955000
Md,36,953000
Md,37,952000
Md,38,951000
Md,39,950000
Md,40,947000
Md,41,946000
Md,42,945000
Md,43,942000
Md,44,940000
Md,45,939000
Md,46,936000
Md,47,934000
Md,48,931000
Md,49,929000
Md,50,926000
Md,51,924000
Md,52,921000
Md,53,917000
Md,54,915000
Md,55,913000
Md,56,909000
Md,57,905000
Md,58,901000
Md,59,898000
Md,60,894000
Md,61,890000
Md,62,885000
Md,63,882000
Md,64,877000
Md,65,873000
Md,66,868000
Md,67,863000
Md,68,858000
Md,69,853000
Md,70,848000
Md,71,842000
Md,72,836000
Md,73,831000
Md,74,821000
Md,75,811000
Md,76,801000
Md,77,791000
Md,78,781000
Md,79,771000
Md,80,760000
Md,81,749000
Md,82,738000
Md,83,725000
Md,84,713000
Md,85,702000
Md,86,688000
Md,87,676000
Md,88,661000
Md,89,647000
Md,90,631000
Md,91,616000
Md,92,585000
Md,93,553500
Md,94,521500
Md,95,489000
Md,96,449600
Md,97,409400
Md,98,368378
Md,99,326830
Md,100,164764
No,0,996000
No,1,996000
No,2,996000
No,3,996000
No,4,996000
No,5,996000
No,6,996000
No,7,996000
No,8,996000
No,9,996000
No,10,996000
No,11,996000
No,12,996000
No,13,994000
No,14,994000
No,15,994000
No,16,994000
No,17,993000
No,18,993000
No,19,993000
No,20,992000
No,21,992000
No,22,992000
No,23,991000
No,24,991000
No,25,989000
No,26,989000
No,27,988000
No,28,987000
No,29,987000
No,30,986000
No,31,984000
No,32,984000
No,33,983000
No,34,982000
No,35,981000
No,36,979000
No,37,978000
No,38,977000
No,39,975000
No,40,973000
No,41,972000
No,42,970000
No,43,968000
No,44,966000
No,45,965000
No,46,962000
No,47,960000
No,48,957000
No,49,955000
No,50,952000
No,51,950000
No,52,947000
No,53,944000
No,54,941000
No,55,937000
No,56,935000
No,57,931000
No,58,927000
No,59,924000
No,60,920000
No,61,916000
No,62,911000
No,63,908000
No,64,904000
No,65,899000
No,66,894000
No,67,889000
No,68,884000
No,69,879000
No,70,874000
No,71,869000
No,72,863000
No,73,857000
No,74,851000
No,75,841000
No,76,831000
No,77,821000
No,78,811000
No,79,800000
No,80,790000
No,81,779000
No,82,767000
No,83,755000
No,84,744000
No,85,732000
No,86,718000
No,87,705000
No,88,693000
No,89,678000
No,90,662000
No,91,647000
No,92,631000
No,93,599300
No,94,567100
No,95,534500
No,96,501300
No,97,460700
No,98,419600
No,99,377487
No,100,334855
No,101,168804
Lr,0,1023000
Lr,1,1023000
Lr,2,1023000
Lr,3,1023000
Lr,4,1023000
Lr,5,1023000
Lr,6,1022000
Lr,7,1022000
Lr,8,1022000
Lr,9,1022000
Lr,10,1022000
Lr,11,1022000
Lr,12,1022000
Lr,13,1022000
Lr,14,1020000
Lr,15,1020000
Lr,16,1020000
Lr,17,1020000
Lr,18,1019000
Lr,19,1019000
Lr,20,1019000
Lr,21,1018000
Lr,22,1018000
Lr,23,1017000
Lr,24,1017000
Lr,25,1015000
Lr,26,1015000
Lr,27,1014000
Lr,28,1014000
Lr,29,1013000
Lr,30,1012000
Lr,31,1010000
Lr,32,1010000
Lr,33,1009000
Lr,34,1008000
Lr,35,1007000
Lr,36,1006000
Lr,37,1004000
Lr,38,1003000
Lr,39,1002000
Lr,40,1001000
Lr,41,998000
Lr,42,997000
Lr,43,994000
Lr,44,993000
Lr,45,991000
Lr,46,988000
Lr,47,986000
Lr,48,983000
Lr,49,981000
Lr,50,978000
Lr,51,976000
Lr,52,973000
Lr,53,971000
Lr,54,967000
Lr,55,965000
Lr,56,961000
Lr,57,958000
Lr,58,955000
Lr,59,951000
Lr,60,946000
Lr,61,942000
Lr,62,939000
Lr,63,935000
Lr,64,930000
Lr,65,925000
Lr,66,921000
Lr,67,916000
Lr,68,911000
Lr,69,906000
Lr,70,901000
Lr,71,896000
Lr,72,890000
Lr,73,884000
Lr,74,878000
Lr,75,872000
Lr,76,862000
Lr,77,852000
Lr,78,841000
Lr,79,831000
Lr,80,820000
Lr,81,808000
Lr,82,797000
Lr,83,786000
Lr,84,774000
Lr,85,761000
Lr,86,749000
Lr,87,736000
Lr,88,723000
Lr,89,709000
Lr,90,694000
Lr,91,678000
Lr,92,662000
Lr,93,646000
Lr,94,614000
Lr,95,581100
Lr,96,547800
Lr,97,513800
Lr,98,472300
Lr,99,430000
Lr,100,386803
Lr,101,343044
Lr,102,172928
Rf,102,351408
Rf,103,177142
Db,103,359950
Db,104,181445
Sg,104,368668
Sg,105,185835
Bh,105,377589
Bh,106,190329
Hs,106,386694
Hs,107,194911
Mt,107,395997
Mt,108,199605
Ds,108,405506
Ds,109,204394
